user_id,purchase_product,payment_method,payment_total,payment_date
aaaaaa1234,핀턱 셔츠 롱 원피스 레이온블랙 MDOP043RNBLACK,신용카드,49900,2022-04-19 23:29:00
aaaaaa1234,[쿨탠다드] 우먼즈 피케 폴로 원피스 [블랙],무통장입금,49900,2022-04-19 23:29:00
aaaaaa1234,[쿨탠다드] 우먼즈 피케 폴로 원피스 [네이비],무통장입금,49900,2022-04-19 23:44:00
admin,라이 맥시 롱 원피스 black[블랙],신용카드,49900,2022-04-19 23:48:00
admin,여성 트위스트 셔츠 원피스 - 에스프레소 / DR254LF588495,신용카드,49900,2022-04-20 23:32:00
admin,여성 트위스트 원피스 - 레몬 글레이즈 / W221DR254LF588500,신용카드,39900,2022-04-20 23:33:00
aucomgooglePannier,여성 트위스트 원피스 - 라일락 아이스 / DR254LF588817,무통장입금,49900,2022-04-20 23:44:00
aucomgoogleStim,베이직 피케카라 원피스_SPOMC24G04,무통장입금,49900,2022-04-21 10:36:00
aucomsmhFlexidy,NOI672 부클 니트 원피스 (블랙),무통장입금,49900,2022-04-21 10:43:00
augovnswBamity,스퀘어넥 슬리브리스 원피스_Purple,무통장입금,49900,2022-04-21 10:44:00
augovnswZamit,브러쉬 코르셋 원피스-아이보리,무통장입금,49900,2022-04-21 10:45:00
augovoaicBigtax,플레인 써머 원피스 OUOOP002-WT,무통장입금,49900,2022-04-21 10:59:00
augovoaicRonstring,여성 타이포그래피 루즈핏 기본원피스/FC1WOP01F WHITE,무통장입금,49900,2022-04-21 10:59:00
augovoaicSolarbreeze,하프 슬리브 롱 원피스 ADS201002-BK,신용카드,49900,2022-04-21 10:59:00
augovprivacyJob,하프 슬리브  롱 원피스 ADS201002-MT,신용카드,49900,2022-04-21 10:59:00
augovprivacyKanlam,플레인 써머 원피스 OUOOP002-BK,신용카드,49900,2022-04-21 11:00:00
augovprivacyRegrant,[NF] 핀턱 아일렛 원피스 (CHARCOAL)_F22QD321,신용카드,49900,2022-04-21 11:49:00
augovprivacyWrapsafe, WOMEN 쿨링 여름 코튼 데일리 미니원피스 [BLACK] 무지 ver.,신용카드,49900,2022-04-21 15:07:00
augovprivacyZamit, WOMEN 쿨링 여름 코튼 데일리 미니원피스 [BLACK] 무지 ver.,신용카드,49900,2022-04-21 16:06:00
aunetabcHome Ing,네이비 포켓 반팔 니트 원피스 (162471DS1R),신용카드,49900,2022-04-22 19:16:00
aunetabcIt, 플레어 슬리브리스 원피스,무통장입금,49900,2022-04-24 01:23:00
beyoutuRank, 우먼즈 퍼프 슬리브 티셔츠 드레스 [블랙],신용카드,499000,2022-04-24 14:10:00
brcomgoogleTreeflex, 우먼즈 퍼프 슬리브 티셔츠 드레스 [블랙],신용카드,149700,2022-04-24 14:17:00
brcomgoogleVagram, 클래식 타이트 서머 드레스 - 블루 / HC2044,신용카드,199500,2022-04-24 14:17:00
brcomuolAndalax, 블루 데님 미니원피스 (352471IP1Q),신용카드,418600,2022-04-24 14:18:00
brcomuolBamity, 언발 플레어 스트링 셔츠 원피스 MJ06OP300HJJ,신용카드,319200,2022-04-24 14:21:00
brcomuolHatity, 아이보리 리넨 플라워 티어드 미니 원피스 (322571FY20),신용카드,249500,2022-04-27 21:39:00
brcomuolKeylex, 블랙 슬리브리스 롱 원피스 (322571FY15),신용카드,49900,2022-04-19 23:16:00
brcomuolOpela, 블루 자수 캉캉 미니 원피스 (162571FY1P),신용카드,49900,2022-04-19 23:29:00
cacbcDuobam, 블루 자수 캉캉 미니 원피스 (162571FY1P),무통장입금,49900,2022-04-19 23:29:00
cacbcFixflex, 블랙 플리츠 홀터넥 미니 원피스 (322571FY35),무통장입금,49900,2022-04-19 23:44:00
cacbcSonair, 스카이 블루 골지 슬림핏 롱 원피스 (112571AC1Q),신용카드,49900,2022-04-19 23:48:00
chadminLatlux, (W) CGC 루즈핏 피케 원피스 네이비,신용카드,49900,2022-04-20 23:32:00
cn360Domainer, 블랙 골지 슬림핏 롱 원피스 (112571AC15),신용카드,39900,2022-04-20 23:33:00
cncomchinaRank, 블랙 골지 슬림핏 롱 원피스 (112571AC15),무통장입금,49900,2022-04-20 23:44:00
cncomchinaToughjoyfax, 빅 카라 트위드 자켓 드레스 (퍼플),무통장입금,49900,2022-04-21 10:36:00
cncomchinaTreeflex, [쿨탠다드] 우먼즈 피케 폴로 원피스 [블루 그레이],무통장입금,49900,2022-04-21 10:43:00
cncompeopleOtcom, 빅 카라 솔리드 자켓 드레스 (블랙),무통장입금,49900,2022-04-21 10:44:00
cncomsinaZoolab, 빅 카라 솔리드 자켓 드레스 (블랙),무통장입금,49900,2022-04-21 10:45:00
cngoogleBitwolf, 빅 카라 솔리드 자켓 드레스 (블랙),무통장입금,49900,2022-04-21 10:59:00
cngoogleHatity, 빅 카라 솔리드 자켓 드레스 (블랙),무통장입금,49900,2022-04-21 10:59:00
cngoogleKonklux, 엘리나 린넨 드레스,신용카드,49900,2022-04-21 10:59:00
cngoogleLotlux, 카라 피케 원피스 블랙,신용카드,49900,2022-04-21 10:59:00
cngovmiibeianRank, 네이비 플라워 캉캉 미니 원피스 (322571CY2R),신용카드,49900,2022-04-21 11:00:00
cngovmiibeianStringtough, [윔블던 에디션] 윔블던 피케 숏 슬리브 폴로 드레스 - 화이트,신용카드,49900,2022-04-19 23:16:00
cogAerified, 프릴 디테일 버튼 원피스-블랙,신용카드,49900,2022-04-19 23:29:00
cogDuobam, 베이직 피케카라 원피스_SPOMC24G04,신용카드,49900,2022-04-19 23:29:00
cogKonklab, 카라 소매 볼륨 원피스_스카이블루,신용카드,49900,2022-04-19 23:44:00
com163SubEx, 카라 소매 볼륨 원피스_스카이블루,무통장입금,49900,2022-04-19 23:48:00
com1688Andalax, 카라 소매 볼륨 원피스_스카이블루,신용카드,499000,2022-04-20 23:32:00
com1688Keylex, 린넨 이지 롱 원피스,신용카드,149700,2022-04-20 23:33:00
com1688Opela, 스퀘어 슬리브리스 원피스 [BEIGE] / S22A04020,신용카드,199500,2022-04-20 23:44:00
com4sharedAndalax, 스퀘어 슬리브리스 원피스 [BEIGE] / S22A04020,신용카드,418600,2022-04-21 10:36:00
com4sharedKanlam,[유아인 착용 상품] 릴렉스드 베이식 블레이저 [블랙],신용카드,319200,2022-04-21 10:43:00
com4sharedPannier,[유아인 착용 상품] 릴렉스드 베이식 블레이저 [블랙],신용카드,249500,2022-04-21 10:44:00
com4sharedYfind,오버사이즈 블레이저 [블랙],신용카드,49900,2022-04-21 10:45:00
com4sharedZamit,베이식 블레이저 [블랙],신용카드,49900,2022-04-21 10:59:00
comaboutHoldlamis,린넨 라이크 셋업 수트 블랙,무통장입금,49900,2022-04-21 10:59:00
comaboutNamfix,라이트웨이트 베이식 블레이저 [블랙],무통장입금,49900,2022-04-21 10:59:00
comaboutTreeflex,라이트웨이트 베이식 블레이저 [블랙],신용카드,49900,2022-04-21 10:59:00
comaccuweatherAlpha,[SET] 22SS 쿨맥스 위버쿨 자켓 & 쿨맥스 테이퍼드핏  슬랙스,신용카드,49900,2022-04-21 11:00:00
comaccuweatherRank,[유아인 착용 상품] 대디 숄더 오버사이즈 블레이저 [블랙],신용카드,39900,2022-04-21 11:49:00
comacquirethisnameFix San,사이드픽스 슈팅 수트셋업 네이비,무통장입금,49900,2022-04-21 15:07:00
comacquirethisnameKonklab,린넨 쓰리피스 셋업_블랙,무통장입금,49900,2022-04-21 16:06:00
comacquirethisnameRegrant,M1745 여름용 린넨 셋업 (베이지),무통장입금,49900,2022-04-22 19:16:00
comaddtoanyVoyatouch,M1745 여름용 린넨 셋업 (베이지),무통장입금,49900,2022-04-24 01:23:00
comadobeGreenlam,[SET] 22SS 쿨맥스 위버쿨 자켓 & 쿨맥스 세미와이드핏 슬랙스,무통장입금,49900,2022-04-24 14:10:00
comadobeOverhold,[SET] 22SS 쿨맥스 위버쿨 자켓 & 쿨맥스 세미와이드핏 슬랙스,무통장입금,49900,2022-04-24 14:17:00
comadobeVagram,오버사이즈 블레이저 [블랙],무통장입금,49900,2022-04-24 14:17:00
comalexaFix San,[쿨탠다드] 릴렉스드 베이식 블레이저 [블랙],신용카드,49900,2022-04-24 14:18:00
comalexaVoltsillam,[쿨탠다드] 릴렉스드 베이식 블레이저 [블랙],신용카드,49900,2022-04-24 14:21:00
comalibabaAerified,[SET]아일리쉬 린넨 세미 오버핏 싱글 자켓 벨트팬츠 셋업_Linen,신용카드,49900,2022-04-27 21:39:00
comalibabaStringtough,라이트웨이트 릴렉스드 베이식 블레이저 [블랙],신용카드,49900,2022-04-19 23:16:00
comalibabaVoyatouch,SL01 시밀러 린넨 데님 와이드 팬츠 (RAW INDIGO),신용카드,49900,2022-04-19 23:29:00
comamazonawsFix San,와이드 데님 팬츠 (BLEACH),신용카드,49900,2022-04-19 23:29:00
comamazonawsSonair,TC2-PT02 인디고 스트링 팬츠,신용카드,49900,2022-04-19 23:44:00
comamazonawsTresom,와이드 크링클 데님 팬츠 (인디고),무통장입금,49900,2022-04-19 23:48:00
comamazonawsWrapsafe,브루클린 뉴트로 와이드 워시드 데님 팬츠,신용카드,499000,2022-04-20 23:32:00
comamazonCookley,모어 와이드 데님 팬츠 (RAW INDIGO),신용카드,149700,2022-04-20 23:33:00
comamazonMatsoft,와이드 데님 팬츠 (R.INDIGO),신용카드,199500,2022-04-20 23:44:00
comamazonNamfix,와이드 데님 팬츠 (R.INDIGO),신용카드,418600,2022-04-21 10:36:00
comamazonTempsoft,아수라 데님 스웻 팬츠_연청,신용카드,319200,2022-04-21 10:43:00
comamazonYSolowarm,와이드 린넨 데님팬츠_인디고,신용카드,249500,2022-04-21 10:44:00
comangelfireKeylex,깡 스타일리스트 x 플랙 스티즈 K48 딥 워시드,신용카드,49900,2022-04-21 10:45:00
comangelfireRedhold,깡 스타일리스트 x 플랙 스티즈 K48 딥 워시드,신용카드,49900,2022-04-21 10:59:00
comangelfireTemp,RE#9204 서퍼브핏 헤비데미지드 데님 팬츠,무통장입금,49900,2022-04-21 10:59:00
comangelfireZamit,LIGHT BLUE SEMI WIDE(세미와이드핏),무통장입금,49900,2022-04-21 10:59:00
comaolGreenlam,생지 와이드 핏 팬츠_INDIGO,신용카드,49900,2022-04-21 10:59:00
comaolRedhold,디스트로이드 스트레이트 롱 와이드 데님_blue,신용카드,49900,2022-04-21 11:00:00
comappleDomainer,밴딩 데님 팬츠 DP L902,신용카드,39900,2022-04-19 23:16:00
comchicagotribuneTrippledex,릴렉스드 와이드 생지 데님 팬츠,무통장입금,49900,2022-04-19 23:29:00
comchronGreenlam,[데일리지] 쿨 와이드 진_SPTJC25C51,무통장입금,49900,2022-04-19 23:29:00
comchronoengineCookley,써머  세미 와이드 린넨 데님 밴딩 팬츠  - 데님,무통장입금,49900,2022-04-19 23:44:00
comciscoHoldlamis,[썸머ver.]트위스트 커브드 와이드 밴딩 데님 팬츠_Indigo,무통장입금,49900,2022-04-19 23:48:00
comciscoKeylex,스티치 카펜터 팬츠 - 블루,무통장입금,49900,2022-04-20 23:32:00
comcloudflareGembucket,Damage 513 크리스 디스 롱와이드 데님팬츠 damage blue,무통장입금,49900,2022-04-20 23:33:00
comcloudflareLatlux,[데일리지] 쿨 와이드 진_SPTJC25G51,무통장입금,49900,2022-04-20 23:44:00
comcloudflareToughjoyfax,벌룬핏 데님 와이드 팬츠 (R.INDIGO),신용카드,49900,2022-04-21 10:36:00
comcloudflareZathin,[린넨데님]COCL 내추럴 와이드 린넨 데님 쇼츠 인디고블루 COOSPT195I.BLUE,신용카드,49900,2022-04-21 10:43:00
comcnbcVeribet,W 카버 7801 하이웨이스트 세미와이드핏 다크인디고 데님팬츠,신용카드,49900,2022-04-21 10:44:00
comcnetYfind,유니섹스 벨티드 버뮤다 데님 팬츠 - 블루,신용카드,49900,2022-04-21 10:45:00
comcnetZoolab,M2099 원턱 와이드 워시드 데님 팬츠,신용카드,49900,2022-04-21 10:59:00
comcnnTin,V153 라이트웨이트 인디고 데님 팬츠,신용카드,49900,2022-04-21 10:59:00
comcnnTrippledex,V153 라이트웨이트 인디고 데님 팬츠,신용카드,49900,2022-04-21 10:59:00
comcnnZontrax,테이퍼드핏 데님 팬츠 DP T908,무통장입금,49900,2022-04-21 10:59:00
comcocologniftyToughjoyfax,스탠다드 진 라이트 블루,신용카드,499000,2022-04-21 11:00:00
comcomBamity,TC1-DN2104 와이드 오가닉 데님,신용카드,149700,2022-04-21 11:49:00
comcomFintone,라인 워싱 와이드 데님 팬츠 [블루],신용카드,199500,2022-04-21 15:07:00
comcomOtcom,와이드 카고 하프 데님 팬츠 (인디고),신용카드,418600,2022-04-21 16:06:00
comcomsenzFintone,와이드 카고 하프 데님 팬츠 (인디고),신용카드,319200,2022-04-22 19:16:00
comcomsenzToughjoyfax,루즈테이퍼드 데님 팬츠 Dark Used,신용카드,249500,2022-04-24 01:23:00
comconstantcontactStronghold,618 생지데님 (이염방지 원단 제작),신용카드,49900,2022-04-24 14:10:00
comblinklistKanlam,BLACK SEMI WIDE(세미 와이드핏),신용카드,49900,2022-04-24 14:17:00
comblinklistVoyatouch,마리오 와이드 데님 부츠컷,무통장입금,49900,2022-04-24 14:17:00
comblogDomainer,마리오 와이드 데님 부츠컷,무통장입금,49900,2022-04-24 14:18:00
comblogFix San,블랙스노우 와이드 데님 팬츠,신용카드,49900,2022-04-24 14:21:00
combloggerBitchip,원턱 데님 팬츠[Middle Blue],신용카드,49900,2022-04-27 21:39:00
combloggerLatlux,원 턱 와이드 데님 팬츠 (인디고),신용카드,39900,2022-04-19 23:16:00
combloggerRank,원 턱 와이드 진 블루,무통장입금,49900,2022-04-19 23:29:00
combloggerRonstring,[22SS clove] Pleated 스커트 (Navy),무통장입금,49900,2022-04-19 23:29:00
combloggerTin,Peekaboo Lowrise Skort Gray Pin Stripe 스커트,무통장입금,49900,2022-04-19 23:44:00
combloggerYfind,[정호연 착용] 우먼즈 데님 미니 스커트 [워시드 블랙],무통장입금,49900,2022-04-19 23:48:00
combloggerYSolowarm,스윙 플리츠 스커트,무통장입금,49900,2022-04-20 23:32:00
combloglinesKonklux,High-Waist H Line Skirt_Navy,무통장입금,49900,2022-04-20 23:33:00
combloglinesSolarbreeze,Peekaboo Lowrise Skort Black Pin Stripe,무통장입금,49900,2022-04-20 23:44:00
combloglinesStim,[NF] 데님 플리츠 벨트 스커트 (BLK)_F21QC023,신용카드,49900,2022-04-21 10:36:00
combloglovinBytecard,볼드 플리츠 숏 스커트 브라운,신용카드,49900,2022-04-21 10:43:00
combloglovinKanlam,여성 플리츠 스커트 (DN12WFSK32),신용카드,49900,2022-04-21 10:44:00
combloglovinRonstring,스윙 플리츠 숏 스커트 오렌지,신용카드,49900,2022-04-21 10:45:00
comblogsBitchip,서머 포켓 스커트 네이비,신용카드,49900,2022-04-21 10:59:00
comblogsKeylex,[22SS clove] Pleated 블루 스커트,신용카드,49900,2022-04-21 10:59:00
comblogsMatsoft,CLGR Banding Flare 스커트,신용카드,49900,2022-04-21 10:59:00
comblogspotAndalax,우먼즈 데님 미니 스커트 [라이트 인디고],무통장입금,49900,2022-04-21 10:59:00
comblogspotTresom,컬러블록 플리츠 스커트_레드,신용카드,499000,2022-04-21 11:00:00
comblogspotZoolab,[윔블던 에디션] 폴리 스트레치 스커트 - 화이트,신용카드,149700,2022-04-19 23:16:00
comblogsStim,키르시 로우 웨이스트 플리츠 스커트 [베이지],신용카드,199500,2022-04-19 23:29:00
comblogsTampflex,메쉬 플라워 스커트 (White),신용카드,418600,2022-04-19 23:29:00
comblogsTrippledex,스트라이프 플리츠 니트 스커트 네이비,신용카드,319200,2022-04-19 23:44:00
comblogtalkradioVoltsillam,여성 테니스 미드 플리츠 스커트 JF007E-52G 001,신용카드,249500,2022-04-19 23:48:00
combloombergZamit,시티보이 빅오버 옥스포드 셔츠_Royal Blue,신용카드,49900,2022-04-20 23:32:00
combluehostOpela,시티보이 빅오버 옥스포드 셔츠_Royal Blue,신용카드,49900,2022-04-20 23:33:00
combookingAlphazap,코튼 블렌드 하프 셔츠 : 7컬러,무통장입금,49900,2022-04-20 23:44:00
combookingBamity,[세트][선택] 스톤 워싱 데님 셋업 블루,무통장입금,49900,2022-04-21 10:36:00
combookingDuobam,시티보이 빅오버 옥스포드 셔츠_Neutral Gray,신용카드,49900,2022-04-21 10:43:00
combookingRank,[WHITE COLLECTION] 커스텀핏 클래식 옥스포드 셔츠  - 화이트,신용카드,49900,2022-04-21 10:44:00
combookingSonair,시티보이 빅오버 옥스포드 셔츠_Off White,신용카드,39900,2022-04-21 10:45:00
combookingZaamDox,오버핏 옥스포드 셔츠_SPYWC12C02,무통장입금,49900,2022-04-21 10:59:00
combostonKonklab,시티보이 빅오버 옥스포드 반팔 셔츠_White,무통장입금,49900,2022-04-21 10:59:00
combostonStim,빅 하프 셔츠 (피스타치오),무통장입금,49900,2022-04-21 10:59:00
comaboutTreeflex,커스텀 핏 리넨 셔츠 - 화이트,무통장입금,49900,2022-04-21 10:59:00
comaccuweatherAlpha,시티보이 빅오버 린넨 반팔 셔츠_Midnight Blue,무통장입금,49900,2022-04-21 11:00:00
comaccuweatherRank,시티보이 빅오버 옥스포드 반팔 셔츠_Ash Gray,무통장입금,49900,2022-04-21 11:49:00
comacquirethisnameFix San,솔리드 옥스포드 오버셔츠(스카이블루),무통장입금,49900,2022-04-21 15:07:00
comacquirethisnameKonklab,롱슬리브 포플린 셔츠 - 화이트,신용카드,49900,2022-04-21 16:06:00
comacquirethisnameRegrant,루즈핏 오픈카라 텐셀 린넨 셔츠 [네이비],신용카드,49900,2022-04-22 19:16:00
comaddtoanyVoyatouch,[정해인 착용] [COMMON]린넨혼방셔츠 MWWS3120,신용카드,49900,2022-04-24 01:23:00
comadobeGreenlam,텐셀 리넨 롱 슬리브 셔츠_코발트블루,신용카드,49900,2022-04-24 14:10:00
combuzzfeedSubin,오피서 하프 셔츠 (틸 그린),신용카드,49900,2022-04-24 14:17:00
combuzzfeedTresZap,린넨 히든 미니멀 셔츠 [SKY BLUE],신용카드,49900,2022-04-24 14:17:00
combuzzfeedZontrax,사인 로고 후드 블랙,신용카드,49900,2022-04-24 14:18:00
comcanalblogGreenlam,사인 로고 후드 그레이,무통장입금,49900,2022-04-24 14:21:00
comcargocollectiveGreenlam,로그 오버핏 기모 후드 그레이 YHHD2302,신용카드,499000,2022-04-27 21:39:00
comcargocollectiveStim,엔젤 와펜 후드 그레이,신용카드,149700,2022-04-19 23:16:00
comcbslocalCardify,제이윈 덤블 기모후드 그레이(KHHD0748),신용카드,199500,2022-04-19 23:29:00
comcbslocalPannier,[패키지]제이윈 덤블 기모후드 패키지(KHHD0748),신용카드,418600,2022-04-19 23:29:00
comcbsnewsLotlux,빅 트위치 루즈핏 후디 네이비,신용카드,319200,2022-04-19 23:44:00
comcbsnewsSubin,[22SS] 뉴필드 후드 남색 SMHD4457,신용카드,249500,2022-04-19 23:48:00
comcdbabyLatlux,스탠다드 후드 스웨트 셔츠 - 멜란지 그레이,신용카드,49900,2022-04-20 23:32:00
comcdbabyOverhold,어센틱 로고 후디 멜란지 그레이,무통장입금,49900,2022-04-20 23:33:00
comchicagotribuneStringtough,[피로pick] TAG KEEP HOODIE - BLACK,무통장입금,49900,2022-04-20 23:44:00
comchicagotribuneTrippledex,엔젤 와펜 후드 블랙,신용카드,49900,2022-04-21 10:36:00
comchronGreenlam,미시간 울버린 피그먼트 후드티 블랙 차콜,신용카드,49900,2022-04-21 10:43:00
comchronoengineCookley,[패키지]제이 양기모후드 패키지(HJHD2050),신용카드,49900,2022-04-21 10:44:00
comciscoHoldlamis,950g 오리지널무지 기모후드 OGHD1931,무통장입금,39900,2022-04-21 10:45:00
comciscoKeylex,ODSD 로고 아플리케 후드 - 8COLOR,무통장입금,49900,2022-04-21 10:59:00
comcloudflareGembucket,2 TONE ARCH HOODIE NAVY,무통장입금,49900,2022-04-21 10:59:00
comcloudflareLatlux,스몰 사인 로고 후드 그레이,무통장입금,49900,2022-04-21 10:59:00
comcloudflareToughjoyfax,스몰 트위치 오버핏 후디 그레이,무통장입금,49900,2022-04-21 10:59:00
comcloudflareZathin,빅 트위치 루즈핏 후디 그레이,무통장입금,49900,2022-04-21 11:00:00
comcnbcVeribet,후디드 스웨트셔츠 [멜란지 그레이],무통장입금,49900,2022-04-19 23:16:00
comcnetYfind,잇 저스트 마이 후디[블랙],신용카드,49900,2022-04-19 23:29:00
comcnetZoolab,후디드 스웨트셔츠 [블랙],신용카드,49900,2022-04-19 23:29:00
comcnnTin,에센셜 후드 스웻 셔츠 (BLACK),신용카드,49900,2022-04-19 23:44:00
comcnnTrippledex,S700 파워블랜드 풀오버 무지 후드티,신용카드,49900,2022-04-19 23:48:00
comcnnZontrax,[패키지] 로그 오버핏 기모 후드 7종 2Pack YHHD2302,신용카드,49900,2022-04-20 23:32:00
comcocologniftyToughjoyfax,로그 오버핏 기모 후드 블랙 YHHD2302,신용카드,49900,2022-04-20 23:33:00
comcomBamity,해비 코튼 썸홀 후디 : 12color,신용카드,49900,2022-04-20 23:44:00
comcomFintone,[S700BK] 더블 드라이 에코 플리스 풀업후드-블랙,무통장입금,49900,2022-04-21 10:36:00
comcomOtcom,사인 로고 후드 네이비,신용카드,49900,2022-04-21 10:43:00
comcomsenzFintone,스몰 사인 로고 후드 블랙,신용카드,499000,2022-04-21 10:44:00
comcomsenzToughjoyfax,헤비웨이트 오버사이즈 후디드 스웨트셔츠 [미디엄 그레이],신용카드,149700,2022-04-21 10:45:00
comconstantcontactStronghold,레터링 타투 후드 기모 블랙,신용카드,199500,2022-04-21 10:59:00
comcsmonitorTrippledex,빅 트위치 루즈핏 후디 블랙,신용카드,418600,2022-04-21 10:59:00
comcyberchimpsRegrant,베이직 기모 후드티 그레이,신용카드,319200,2022-04-21 10:59:00
comdagondesignHome Ing,헤비웨이트 오버사이즈 후디드 스웨트셔츠 [블랙],신용카드,249500,2022-04-21 10:59:00
comdagondesignVeribet,푸마 X 아미 후드 티셔츠 - 라이트 그레이 / 534069-04,신용카드,49900,2022-04-21 11:00:00
comdailymotionTresom,베츠 어센틱 후드 그레이,무통장입금,49900,2022-04-21 11:49:00
comdedecmsPannier,아크 로고 후디 (네이비),무통장입금,49900,2022-04-21 15:07:00
comdeliciousdaysSolarbreeze,어센틱 로고 후디 블랙,신용카드,49900,2022-04-21 16:06:00
comdeliciousdaysSubin,스탠다드 후드 스웨트 셔츠 - 블랙_소매 와펜 ver.,신용카드,49900,2022-04-22 19:16:00
comdeliciousPannier,어센틱 로고 후디 네이비,신용카드,49900,2022-04-24 01:23:00
comdeliciousVoltsillam,C 로고 후디 네이비,무통장입금,39900,2022-04-24 14:10:00
comdevhubStringtough,슈무 후디 - 블랙 / GD3544,무통장입금,49900,2022-04-24 14:17:00
comdiggZaamDox,[SET] 헤비웨이트 CGP 아치 로고 트레이닝 셋업_멜란지그레이,무통장입금,49900,2022-04-24 14:17:00
comdiigoToughjoyfax,슬레이크 후드 네이비 HHHD3397,무통장입금,49900,2022-04-24 14:18:00
comdiigoZamit,로고&스마일리 후디 화이트(IK2CSMM400A),무통장입금,49900,2022-04-24 14:21:00
comdiigoZathin,[기모] Geppetto 자수 후드 크림,무통장입금,49900,2022-04-27 21:39:00
comdiscoveryCookley,C 로고 후디 블랙,무통장입금,49900,2022-04-19 23:16:00
comdisqusStronghold,스몰 트위치 오버핏 후디 블랙,신용카드,49900,2022-04-19 23:29:00
comdisqusTrippledex,[22SS] 뉴필드 후드 회색 SMHD4457,신용카드,49900,2022-04-19 23:29:00
comdisqusVentosanzap,아크 로고 후디 (그레이),신용카드,49900,2022-04-19 23:44:00
comdisqusZathin,사인 로고 후드 아이보리,신용카드,49900,2022-04-19 23:48:00
comdomainmarketHatity,빅 트위치 루즈핏 후디 아이보리,신용카드,49900,2022-04-20 23:32:00
comdropboxJob,빅 트위치 루즈핏 후디 아이보리,신용카드,49900,2022-04-20 23:33:00
comdropboxLatlux,에센셜 후드 스웻 셔츠 (CHARCOAL),신용카드,49900,2022-04-20 23:44:00
comdropboxSonair,C 로고 후디 그레이,무통장입금,49900,2022-04-21 10:36:00
comebayHatity,트윌 아치 로고 후디 네이비,신용카드,49900,2022-04-21 10:43:00
comebayOverhold,[22SS] 뉴필드 후드 백오트밀 SMHD4457,신용카드,499000,2022-04-21 10:44:00
comeconomistCookley,시그니쳐 로고 후드 그레이,신용카드,149700,2022-04-21 10:45:00
comeconomistVoltsillam,페이스 로고 엠브로이더드 후디 (오렌지),신용카드,199500,2022-04-21 10:59:00
comeepurlCardify,(2PACK) S700 파워블랜드 풀오버 무지 후드티,신용카드,418600,2022-04-21 10:59:00
comeepurlNamfix,헤비 코튼 오버 럭비 맨투맨 _Midnight Blue,신용카드,319200,2022-04-21 10:59:00
comehowStronghold,베츠 어센틱 맨투맨 그레이,신용카드,249500,2022-04-21 10:59:00
comehowYfind,로코 피그먼트 리버시블 헤비 맨투맨 (다크그레이),신용카드,49900,2022-04-21 11:00:00
comelegantthemesTemp,부클 쿠퍼 로고 맨투맨 네이비,무통장입금,49900,2022-04-19 23:16:00
comelegantthemesYfind,스몰 사인 로고 맨투맨 블랙,무통장입금,49900,2022-04-19 23:29:00
comelpaisAlphazap,스웨트 셔츠 [멜란지 그레이],신용카드,49900,2022-04-19 23:29:00
comelpaisRegrant,C 로고 맨투맨 네이비,신용카드,49900,2022-04-19 23:44:00
comelpaisTemp,스탠다드 스웨트 셔츠 - 블랙_소매 와펜 ver.,신용카드,49900,2022-04-19 23:48:00
comengadgetCookley,빅 트위치 루즈핏 크루넥 네이비,무통장입금,39900,2022-04-20 23:32:00
comengadgetYfind,C 로고 맨투맨 그레이,무통장입금,49900,2022-04-20 23:33:00
cometsyTempsoft,헤비웨이트 오버사이즈 스웨트셔츠 [블랙],무통장입금,49900,2022-04-20 23:44:00
cometsyTrippledex,베츠 어센틱 맨투맨 블랙,무통장입금,49900,2022-04-21 10:36:00
comeventbriteDomainer,엔젤 와펜 맨투맨 블랙,무통장입금,49900,2022-04-21 10:43:00
comeventbriteHome Ing,럭비 맨투맨 네이비,무통장입금,49900,2022-04-21 10:44:00
comeventbriteLotlux,스몰 사인 로고 맨투맨 그레이,무통장입금,49900,2022-04-21 10:45:00
comeventbriteWrapsafe,엔젤 와펜 맨투맨 그레이,신용카드,49900,2022-04-21 10:59:00
comexaminerStim,엔젤 와펜 맨투맨 아이보리,신용카드,49900,2022-04-21 10:59:00
comexaminerToughjoyfax,스탠다드 스웨트 셔츠 - 멜란지 그레이_소매 와펜 ver.,신용카드,49900,2022-04-21 10:59:00
comexampleNamfix,아치 로고 맨투맨 네이비,신용카드,49900,2022-04-21 10:59:00
comezinearticlesCookley,릴랙스 오버사이즈 크루넥 - 베이지 / CM1408,신용카드,49900,2022-04-21 11:00:00
comezinearticlesLotstring,[처비][미들 테리] 스트링 스웨트셔츠 차콜,신용카드,49900,2022-04-21 11:49:00
comfacebookLatlux,[SET] 베이직 라인 셋업,신용카드,49900,2022-04-21 15:07:00
comfacebookSolarbreeze,드롭숄더 배드베어 맨투맨 네이비,무통장입금,49900,2022-04-21 16:06:00
comfacebookYSolowarm,우먼즈 크롭 베어프렌즈 엠보자수 맨투맨 오트밀(FCB3TS355W),신용카드,49900,2022-04-22 19:16:00
comfastcompanyQuo Lux,650g 덤블 오리지널무지 기모 맨투맨 OGMT1921,신용카드,499000,2022-04-24 01:23:00
comfastcompanySpan,플랫 테리 오버사이즈 스트링 스웨트셔츠 [블랙],신용카드,149700,2022-04-24 14:10:00
comfc2Sonair,오버핏 아치 로고 스웨트 셔츠-네이비,신용카드,199500,2022-04-24 14:17:00
comfc2SubEx,헤비 코튼 오버 럭비 맨투맨 _Melange Gray,신용카드,418600,2022-04-24 14:17:00
comfeedburnerKonklab,시그니처 라베르메종 맨투맨 -코발트 블루-,신용카드,319200,2022-04-24 14:18:00
comfeedburnerQuo Lux,레이아웃 로고 맨투맨 블랙,신용카드,249500,2022-04-24 14:21:00
comflickrJob,NSW 클럽 맨투맨 5종류,무통장입금,49900,2022-04-27 21:39:00
comflickrStringtough,[S600NA] 더블 드라이 에코 플리스 크루 - 네이비,무통장입금,49900,2022-04-19 23:16:00
comflickrTempsoft,S600 파워블랜드 무지 맨투맨 크루넥,신용카드,49900,2022-04-19 23:29:00
comfoxnewsViva,[UNISEX]엘보우 스마일드로잉 클립 맨투맨_블랙,신용카드,49900,2022-04-19 23:29:00
comfreewebsKeylex,스몰 사인 로고 맨투맨 네이비,신용카드,49900,2022-04-19 23:44:00
comfreewebsStringtough,에센셜 쿨 코튼 2-PACK 티셔츠,무통장입금,49900,2022-04-19 23:48:00
comfriendfeedTemp,011502 폴로 피케 반팔티,무통장입금,39900,2022-04-20 23:32:00
comftTranscof,[ONEMILE WEAR] 2PACK SMALL ARCH 티셔츠 2color,무통장입금,49900,2022-04-20 23:33:00
comftYfind,(22SS) 2 TONE ARCH 티셔츠 WHITE,무통장입금,49900,2022-04-20 23:44:00
comgeocitiesAsoka,티셔츠 FLOWERMARDI_WHITE GREEN,무통장입금,49900,2022-04-21 10:36:00
comgeocitiesZathin, FLOWERMARDI_IVORY NAVY,무통장입금,49900,2022-04-21 10:43:00
comgithubDuobam,미시간 울버린 피그먼트  반팔티 블랙차콜,무통장입금,49900,2022-04-21 10:44:00
comgithubGreenlam,[패키지] 더블코튼 무지반팔  패키지 KHST1011,신용카드,49900,2022-04-21 10:45:00
comgizmodoVentosanzap,빅 트위치 로고 티셔츠 화이트,신용카드,49900,2022-04-21 10:59:00
comgizmodoVoltsillam,포켓반팔티 K87 남여공용 기본티 반팔 모음 (사은품 증정),신용카드,49900,2022-04-21 10:59:00
comgloboFix San,[처비][10수] 볼드 스트라이프 티 네이비,신용카드,49900,2022-04-21 10:59:00
comgoogleAlphazap,슈무 아치로고 반팔 티셔츠 화이트,신용카드,49900,2022-04-21 10:59:00
comgoogleDuobam,커스텀 슬림핏 메시 폴로 셔츠 - 화이트,신용카드,49900,2022-04-21 11:00:00
comgoogleTranscof,[깡스타일리스트 PICK] DSN-Logo 티셔츠 White,신용카드,49900,2022-04-19 23:16:00
comgoProdder,커스텀 슬림핏 메시 폴로 셔츠 - 블랙,무통장입금,49900,2022-04-19 23:29:00
comgoRonstring,(22SS) EMBROIDERY UNIVERSITY DAN 티셔츠 WHITE,신용카드,49900,2022-04-19 23:29:00
comhc360Tampflex,BLACK CAT 티셔츠 [WHITE],신용카드,49900,2022-04-19 23:44:00
comhexunCardify,스티브 반팔 카라 티셔츠 WHHAC2414U,신용카드,499000,2022-04-19 23:48:00
comhexunWrapsafe,[김스테파니헤리 착용] TAG KP 티셔츠 - BLACK,신용카드,149700,2022-04-20 23:32:00
comhistatsStringtough,(22SS) 2 TONE ARCH 티셔츠 ROYAL BLUE,신용카드,199500,2022-04-20 23:33:00
comhowstuffworksHoldlamis,PRDA DENIM PATCH CREWNECK 티셔츠 WHITE,신용카드,418600,2022-04-20 23:44:00
comhowstuffworksStringtough,액티비티 클럽 피그먼트 반팔티 크림,신용카드,319200,2022-04-21 10:36:00
comhowstuffworksZontrax,티셔츠 FLOWERMARDI_WHITE VIOLET,신용카드,249500,2022-04-21 10:43:00
comhpGreenlam,[핏더사이즈PICK] LIFE IS 티셔츠_SURF RIDE 티셔츠_CHARCOAL,무통장입금,49900,2022-04-21 10:44:00
comhpLatlux,2PACK 수피마 코튼 티셔츠,무통장입금,49900,2022-04-21 10:45:00
comhpVagram,쿨코튼 2-PACK 베츠 기본 반팔 티셔츠 블랙/화이트,신용카드,49900,2022-04-21 10:59:00
comhpVoyatouch,듀스 네로 반팔티 화이트,신용카드,49900,2022-04-21 10:59:00
comhubpagesBytecard,커스텀 슬림 핏 코튼 티셔츠 - 블랙,신용카드,49900,2022-04-21 10:59:00
comhubpagesMat Lam Tam,[정호연 착용] 여 J218885 YAF 화이트 스트레이트핏 모노그램 로고 반팔 티셔츠,무통장입금,49900,2022-04-21 10:59:00
comhubpagesTampflex,티셔츠 FLOWERMARDI_BLACK CREAM,무통장입금,39900,2022-04-21 11:00:00
comhuffingtonpostLatlux,[COOL COTTON] 2PACK SMALL ARCH 티셔츠 WHITE / BLACK,무통장입금,49900,2022-04-21 11:49:00
comhuffingtonpostOpela,릴렉스 핏 크루 넥 반팔 티셔츠 [화이트],무통장입금,49900,2022-04-21 15:07:00
comhugedomainsKeylex,[패키지] 핀스 오버핏 카라 반팔티 2PACK YHST2354,무통장입금,49900,2022-04-21 16:06:00
comhugedomainsVagram,[패키지][CHUBBY]EMBROIDERY 티셔츠 (5COLOR),무통장입금,49900,2022-04-22 19:16:00
comibmSubin,IN LOVE 티셔츠(WHITE),무통장입금,49900,2022-04-24 01:23:00
comibmTempsoft,베이직 스몰로고 반팔 티셔츠 NY (Black),신용카드,49900,2022-04-24 14:10:00
comibmZamit,[Mmlg] 19MG HF-T (WHITE),신용카드,49900,2022-04-24 14:17:00
comicqBigtax,[박서준 착용] 남 J320770 YAF 화이트 클래식 모노그램 로고 반팔 티셔츠,신용카드,49900,2022-04-24 14:17:00
comicqLotlux,[박서준 착용] 남 J320770 YAF 화이트 클래식 모노그램 로고 반팔 티셔츠,신용카드,49900,2022-04-24 14:18:00
comicqSonsing,EBFD 베츠 반팔 티셔츠 블루,신용카드,49900,2022-04-24 14:21:00
comicqSonsing,VSW Puppy T-Shirts White,신용카드,49900,2022-04-27 21:39:00
comihgOverhold,T-Logo 티셔츠 Black,신용카드,49900,2022-04-19 23:16:00
comihgProdder,[깡스타일리스트 PICK] Racing 22 티셔츠 White,무통장입금,49900,2022-04-19 23:29:00
comihgZamit,남 블랙 레귤러핏 인스티튜셔널 로고 스트레치 반팔 티셔츠 J321612 BEH,신용카드,49900,2022-04-19 23:29:00
comimgurAsoka,MIXED BOUCLE KNIT HALF SLEEVE BLACK,신용카드,49900,2022-04-19 23:44:00
comimgurMatsoft,V.O.C 티셔츠 (OLYMPIA)_WHITE,신용카드,499000,2022-04-19 23:48:00
comimgurNamfix,W CLASSIC LOGO 티셔츠 white,신용카드,149700,2022-04-20 23:32:00
comimgurSolarbreeze,[박서준 착용] 남 화이트 레귤러핏 인스티튜셔널 로고 스트레치 반팔 티셔츠 J321612 YAF,신용카드,199500,2022-04-20 23:33:00
comindiatimesZamit,22S/S 오버핏 피케티셔츠 (블랙),신용카드,418600,2022-04-20 23:44:00
comindiatimesZathin,빅 트위치 로고 티셔츠 그린,신용카드,319200,2022-04-21 10:36:00
comindiegogoTresom,라인 서퍼맨 티셔츠 화이트,신용카드,249500,2022-04-21 10:43:00
cominstagramCardguard,[깡스타일리스트 PICK] C-Logo 티셔츠 White,무통장입금,49900,2022-04-21 10:44:00
cominstagramStringtough,쿨 코튼 2-PACK 티셔츠 화이트,무통장입금,49900,2022-04-21 10:45:00
cominstagramVentosanzap,럭비 스트라이프 티셔츠 네이비,신용카드,49900,2022-04-21 10:59:00
cominstagramZaamDox,빅 트위치 로고 티셔츠 블랙,신용카드,49900,2022-04-21 10:59:00
comintelBitwolf,티셔츠 DDANJI_IVORY,신용카드,49900,2022-04-21 10:59:00
comintelJob,N222UPB900 우븐 반팔/반바지 2PACK 세트 CARBON BLACK,무통장입금,49900,2022-04-21 10:59:00
comintelLotstring,[패키지] 9TH ANNIVERSARY 3PACK T-SHIRTS EDITION,무통장입금,39900,2022-04-21 11:00:00
comintelMatsoft,TAG KP 티셔츠 - WHITE,무통장입금,49900,2022-04-19 23:16:00
comissuuFixflex,[깡스타일리스트 PICK] Racing 22 티셔츠 Black,무통장입금,49900,2022-04-19 23:29:00
comistockphotoSolarbreeze,남성 로고 패치 코튼 저지 반팔 티셔츠 - 블루 / 761521957V0020,무통장입금,49900,2022-04-19 23:29:00
comistockphotoTin,더블 엔젤 와펜 반팔 티셔츠 블랙,무통장입금,49900,2022-04-19 23:44:00
comjavaDomainer,[2PACK] 유니섹스 365 반팔티 세트,무통장입금,49900,2022-04-19 23:48:00
comjavaFlowdesk,[깡스타일리스트 PICK] C-Logo 티셔츠 Black,신용카드,49900,2022-04-20 23:32:00
comjavaStim,(22SS) UNIVERSITY DAN 티셔츠 WHITE / RED,신용카드,49900,2022-04-20 23:33:00
comjavaTemp,  [쿨탠다드] 피케 폴로 셔츠 [블랙],신용카드,49900,2022-04-20 23:44:00
comjiathisSonsing,[송필드 PICK][SET] CGP 아치 로고 반팔 크루넥 셋업_멜란지그레이,신용카드,49900,2022-04-21 10:36:00
comjiathisTempsoft,스몰 사인로고 반팔 티셔츠 블랙,신용카드,49900,2022-04-21 10:43:00
comjigsyAlphazap,[패키지] NYC LOCATION T-SHIRT (16COLOR) [LRQMCTA401M],신용카드,49900,2022-04-21 10:44:00
comjigsyHome Ing,릴렉스 핏 크루 넥 반팔 티셔츠 [블랙],신용카드,49900,2022-04-21 10:45:00
comjigsyZaamDox,LMC AEROCOOL S OG 티셔츠 2PACK,무통장입금,49900,2022-04-21 10:59:00
comjimdoSpan,나폴리 소프트 코튼 폴로 니트 오션 크림,신용카드,49900,2022-04-21 10:59:00
comlatimesRonstring,카멜 파크 반팔티셔츠(딥그린),신용카드,49900,2022-04-21 10:59:00
comlatimesStim,[깡스타일리스트 PICK] DSN-Logo 티셔츠 Black,신용카드,499000,2022-04-21 10:59:00
comlistmanageSolarbreeze,쿨 케이블 니트 폴로티 네이비,신용카드,149700,2022-04-21 11:00:00
comliveDuobam,T-Logo 티셔츠 White,신용카드,199500,2022-04-21 11:49:00
comliveHatity,[세트] 반팔티+반바지,신용카드,418600,2022-04-21 15:07:00
comlivejournalBamity,스트라이프 롱슬리브 블랙,신용카드,319200,2022-04-21 16:06:00
comlivejournalZamit,(우디) 자수 폴로카라 반팔 티셔츠_SPHWC24C04,무통장입금,249500,2022-04-22 19:16:00
comliveMatsoft,시그니쳐 로고 티셔츠 화이트,무통장입금,49900,2022-04-24 01:23:00
comluluBitwolf,프리미엄 실켓 하프 슬리브 티셔츠 - 9 COLOR,신용카드,49900,2022-04-24 14:10:00
comluluSpan,[박서준 착용] 남 J320770 BEH 블랙 클래식 모노그램 로고 반팔 티셔츠,신용카드,49900,2022-04-24 14:17:00
comlycosFintone,[패키지] 2pack 페인트쿨링 피그먼트 반팔 SMST4431,신용카드,49900,2022-04-24 14:17:00
comlycosMatsoft,[22SS] [패키지] 루이스 박스 반팔티셔츠 2PACK KJST2411,무통장입금,49900,2022-04-24 14:18:00
comlycosTampflex,스몰 사인로고 반팔 티셔츠  화이트,무통장입금,49900,2022-04-24 14:21:00
comlycosVeribet,(22SS) UNIVERSITY DAN 티셔츠 NAVY / RED,무통장입금,39900,2022-04-27 21:39:00
commacFix San,서핀 백 프린트 티 셔츠_네이비,무통장입금,49900,2022-04-19 23:16:00
commacHoldlamis,[깡스타일리스트 PICK] 유니섹스 스마일 어스 엠보더리 티셔츠 atb524u(WHITE),무통장입금,49900,2022-04-19 23:29:00
commacIt,커스텀 슬림 핏 코튼 티셔츠 - 화이트,무통장입금,49900,2022-04-19 23:29:00
commacromediaYSolowarm,에센셜 쿨 코튼 2-PACK 티셔츠,무통장입금,49900,2022-04-19 23:44:00
commacTresom,011502 폴로 피케 반팔티,신용카드,49900,2022-04-19 23:48:00
commarketwatchDomainer,[ONEMILE WEAR] 2PACK SMALL ARCH 티셔츠 2color,신용카드,49900,2022-04-20 23:32:00
commarriottIt,(22SS) 2 TONE ARCH 티셔츠 WHITE,신용카드,49900,2022-04-20 23:33:00
commarriottKonklux,티셔츠 FLOWERMARDI_WHITE GREEN,신용카드,49900,2022-04-20 23:44:00
commashableSpan, FLOWERMARDI_IVORY NAVY,신용카드,49900,2022-04-21 10:36:00
commashableVoyatouch,미시간 울버린 피그먼트  반팔티 블랙차콜,신용카드,49900,2022-04-21 10:43:00
commayoclinicVoltsillam,[패키지] 더블코튼 무지반팔  패키지 KHST1011,신용카드,49900,2022-04-21 10:44:00
commediafireKanlam,빅 트위치 로고 티셔츠 화이트,무통장입금,49900,2022-04-21 10:45:00
commediafireSubin,포켓반팔티 K87 남여공용 기본티 반팔 모음 (사은품 증정),신용카드,49900,2022-04-21 10:59:00
commediafireVeribet,[처비][10수] 볼드 스트라이프 티 네이비,신용카드,49900,2022-04-21 10:59:00
commeetupRonstring,슈무 아치로고 반팔 티셔츠 화이트,신용카드,49900,2022-04-21 10:59:00
commeetupTranscof,커스텀 슬림핏 메시 폴로 셔츠 - 화이트,신용카드,499000,2022-04-21 10:59:00
commerriamwebsterCookley,[깡스타일리스트 PICK] DSN-Logo 티셔츠 White,신용카드,149700,2022-04-21 11:00:00
commerriamwebsterFlexidy,커스텀 슬림핏 메시 폴로 셔츠 - 블랙,신용카드,199500,2022-04-19 23:16:00
commerriamwebsterProdder,(22SS) EMBROIDERY UNIVERSITY DAN 티셔츠 WHITE,신용카드,418600,2022-04-19 23:29:00
commerriamwebsterTin,BLACK CAT 티셔츠 [WHITE],신용카드,319200,2022-04-19 23:29:00
commerriamwebsterZaamDox,스티브 반팔 카라 티셔츠 WHHAC2414U,무통장입금,249500,2022-04-19 23:44:00
commicrosoftRegrant,[김스테파니헤리 착용] TAG KP 티셔츠 - BLACK,무통장입금,49900,2022-04-19 23:48:00
commlbFixflex,(22SS) 2 TONE ARCH 티셔츠 ROYAL BLUE,신용카드,49900,2022-04-20 23:32:00
commoonfruitFlexidy,PRDA DENIM PATCH CREWNECK 티셔츠 WHITE,신용카드,49900,2022-04-20 23:33:00
commoonfruitFlowdesk,액티비티 클럽 피그먼트 반팔티 크림,신용카드,49900,2022-04-20 23:44:00
commoonfruitKonklab,티셔츠 FLOWERMARDI_WHITE VIOLET,무통장입금,49900,2022-04-21 10:36:00
commoonfruitSubEx,[핏더사이즈PICK] LIFE IS 티셔츠_SURF RIDE 티셔츠_CHARCOAL,무통장입금,49900,2022-04-21 10:43:00
commozillaPannier,2PACK 수피마 코튼 티셔츠,무통장입금,39900,2022-04-21 10:44:00
commozillaStringtough,쿨코튼 2-PACK 베츠 기본 반팔 티셔츠 블랙/화이트,무통장입금,49900,2022-04-21 10:45:00
commozillaTranscof,듀스 네로 반팔티 화이트,무통장입금,49900,2022-04-21 10:59:00
commsnBytecard,커스텀 슬림 핏 코튼 티셔츠 - 블랙,무통장입금,49900,2022-04-21 10:59:00
commsnSonair,[정호연 착용] 여 J218885 YAF 화이트 스트레이트핏 모노그램 로고 반팔 티셔츠,무통장입금,49900,2022-04-21 10:59:00
commtvProdder,티셔츠 FLOWERMARDI_BLACK CREAM,신용카드,49900,2022-04-21 10:59:00
commultiplyFixflex,[COOL COTTON] 2PACK SMALL ARCH 티셔츠 WHITE / BLACK,신용카드,49900,2022-04-21 11:00:00
commultiplyProdder,릴렉스 핏 크루 넥 반팔 티셔츠 [화이트],신용카드,49900,2022-04-21 11:49:00
commyspaceBitwolf,[패키지] 핀스 오버핏 카라 반팔티 2PACK YHST2354,신용카드,49900,2022-04-21 15:07:00
commysqlLotlux,[패키지][CHUBBY]EMBROIDERY 티셔츠 (5COLOR),신용카드,49900,2022-04-21 16:06:00
commysqlOverhold,IN LOVE 티셔츠(WHITE),신용카드,49900,2022-04-22 19:16:00
commysqlVagram,베이직 스몰로고 반팔 티셔츠 NY (Black),신용카드,49900,2022-04-24 01:23:00
comnatureFix San,[Mmlg] 19MG HF-T (WHITE),무통장입금,49900,2022-04-24 14:10:00
comnatureLotlux,[박서준 착용] 남 J320770 YAF 화이트 클래식 모노그램 로고 반팔 티셔츠,신용카드,49900,2022-04-24 14:17:00
comnatureRank,레이어드 크루 넥 반팔 티셔츠_일반 기장 [화이트],신용카드,49900,2022-04-24 14:17:00
comnatureSubEx,EBFD 베츠 반팔 티셔츠 블루,신용카드,49900,2022-04-24 14:18:00
comnatureToughjoyfax,VSW Puppy T-Shirts White,신용카드,499000,2022-04-24 14:21:00
comnaverVoyatouch,T-Logo 티셔츠 Black,신용카드,149700,2022-04-27 21:39:00
comnbaCardguard,[깡스타일리스트 PICK] Racing 22 티셔츠 White,신용카드,199500,2022-04-19 23:16:00
comnbaViva,남 블랙 레귤러핏 인스티튜셔널 로고 스트레치 반팔 티셔츠 J321612 BEH,신용카드,418600,2022-04-19 23:29:00
comnbcnewsQuo Lux,MIXED BOUCLE KNIT HALF SLEEVE BLACK,신용카드,319200,2022-04-19 23:29:00
comnetlogRegrant,V.O.C 티셔츠 (OLYMPIA)_WHITE,무통장입금,249500,2022-04-19 23:44:00
comnetscapeAndalax,W CLASSIC LOGO 티셔츠 white,무통장입금,49900,2022-04-19 23:48:00
comnetscapeDomainer,[박서준 착용] 남 화이트 레귤러핏 인스티튜셔널 로고 스트레치 반팔 티셔츠 J321612 YAF,신용카드,49900,2022-04-20 23:32:00
comnetscapeFixflex,22S/S 오버핏 피케티셔츠 (블랙),신용카드,49900,2022-04-20 23:33:00
comnetscapeVoltsillam,빅 트위치 로고 티셔츠 그린,신용카드,49900,2022-04-20 23:44:00
comnetscapeZoolab,라인 서퍼맨 티셔츠 화이트,무통장입금,49900,2022-04-21 10:36:00
comnetvibesFixflex,[깡스타일리스트 PICK] C-Logo 티셔츠 White,무통장입금,49900,2022-04-21 10:43:00
comnetvibesLotstring,쿨 코튼 2-PACK 티셔츠 화이트,무통장입금,39900,2022-04-21 10:44:00
comnetvibesVagram,럭비 스트라이프 티셔츠 네이비,무통장입금,49900,2022-04-21 10:45:00
comnetworksolutionsAlpha,빅 트위치 로고 티셔츠 블랙,무통장입금,49900,2022-04-21 10:59:00
comnetworksolutionsAsoka,티셔츠 DDANJI_IVORY,무통장입금,49900,2022-04-21 10:59:00
comnetworksolutionsFixflex,N222UPB900 우븐 반팔/반바지 2PACK 세트 CARBON BLACK,무통장입금,49900,2022-04-21 10:59:00
comnetworksolutionsProdder,[패키지] 9TH ANNIVERSARY 3PACK T-SHIRTS EDITION,신용카드,49900,2022-04-21 10:59:00
comnetworksolutionsRonstring,TAG KP 티셔츠 - WHITE,신용카드,49900,2022-04-21 11:00:00
comnewsvineSubin,[깡스타일리스트 PICK] Racing 22 티셔츠 Black,신용카드,49900,2022-04-19 23:16:00
comnewyorkerDomainer,남성 로고 패치 코튼 저지 반팔 티셔츠 - 블루 / 761521957V0020,신용카드,49900,2022-04-19 23:29:00
comnewyorkerKonklab,더블 엔젤 와펜 반팔 티셔츠 블랙,신용카드,49900,2022-04-19 23:29:00
comnewyorkerVoyatouch,[2PACK] 유니섹스 365 반팔티 세트,신용카드,49900,2022-04-19 23:44:00
comnewyorkerWrapsafe,[깡스타일리스트 PICK] C-Logo 티셔츠 Black,신용카드,49900,2022-04-19 23:48:00
comniftyTresZap,(22SS) UNIVERSITY DAN 티셔츠 WHITE / RED,무통장입금,49900,2022-04-20 23:32:00
comniftyVentosanzap,  [쿨탠다드] 피케 폴로 셔츠 [블랙],신용카드,49900,2022-04-20 23:33:00
comningTampflex,[송필드 PICK][SET] CGP 아치 로고 반팔 크루넥 셋업_멜란지그레이,신용카드,49900,2022-04-20 23:44:00
comningTranscof,스몰 사인로고 반팔 티셔츠 블랙,신용카드,49900,2022-04-21 10:36:00
comningTreeflex,[패키지] NYC LOCATION T-SHIRT (16COLOR) [LRQMCTA401M],신용카드,499000,2022-04-21 10:43:00
comningViva,릴렉스 핏 크루 넥 반팔 티셔츠 [블랙],신용카드,149700,2022-04-21 10:44:00
comnydailynewsOverhold,LMC AEROCOOL S OG 티셔츠 2PACK,신용카드,199500,2022-04-21 10:45:00
comnymagFlowdesk,나폴리 소프트 코튼 폴로 니트 오션 크림,신용카드,418600,2022-04-21 10:59:00
comnymagSonair,카멜 파크 반팔티셔츠(딥그린),무통장입금,319200,2022-04-21 10:59:00
comnytimesOverhold,[깡스타일리스트 PICK] DSN-Logo 티셔츠 Black,무통장입금,249500,2022-04-21 10:59:00
comnytimesRegrant,쿨 케이블 니트 폴로티 네이비,신용카드,49900,2022-04-21 10:59:00
comoakleyDaltfresh,T-Logo 티셔츠 White,신용카드,49900,2022-04-21 11:00:00
comoakleyIt,[세트] 반팔티+반바지,신용카드,49900,2022-04-21 11:49:00
comomnitureStronghold,스트라이프 롱슬리브 블랙,무통장입금,49900,2022-04-21 15:07:00
comoperaCookley,(우디) 자수 폴로카라 반팔 티셔츠_SPHWC24C04,무통장입금,49900,2022-04-21 16:06:00
comoperaHatity,시그니쳐 로고 티셔츠 화이트,무통장입금,49900,2022-04-22 19:16:00
comoperaTin,프리미엄 실켓 하프 슬리브 티셔츠 - 9 COLOR,무통장입금,39900,2022-04-24 01:23:00
comoperaYSolowarm,[박서준 착용] 남 J320770 BEH 블랙 클래식 모노그램 로고 반팔 티셔츠,무통장입금,49900,2022-04-24 14:10:00
comoracleLotstring,[패키지] 2pack 페인트쿨링 피그먼트 반팔 SMST4431,무통장입금,49900,2022-04-24 14:17:00
comoracleRedhold,[22SS] [패키지] 루이스 박스 반팔티셔츠 2PACK KJST2411,무통장입금,49900,2022-04-24 14:17:00
comoverblogRedhold,스몰 사인로고 반팔 티셔츠  화이트,신용카드,49900,2022-04-24 14:18:00
compatchAlpha,(22SS) UNIVERSITY DAN 티셔츠 NAVY / RED,신용카드,49900,2022-04-24 14:21:00
compatchTreeflex,서핀 백 프린트 티 셔츠_네이비,신용카드,49900,2022-04-27 21:39:00
compatchVoltsillam,[깡스타일리스트 PICK] 유니섹스 스마일 어스 엠보더리 티셔츠 atb524u(WHITE),신용카드,49900,2022-04-19 23:16:00
compaypalSonsing,커스텀 슬림 핏 코튼 티셔츠 - 화이트,신용카드,49900,2022-04-19 23:29:00
comphotobucketKanlam,시티보이 빅오버 옥스포드 셔츠_Royal Blue,신용카드,49900,2022-04-19 23:29:00
composterousJob,시티보이 빅오버 옥스포드 셔츠_Royal Blue,신용카드,49900,2022-04-19 23:44:00
composterousMatsoft,코튼 블렌드 하프 셔츠 : 7컬러,무통장입금,49900,2022-04-19 23:48:00
composterousSonair,[세트][선택] 스톤 워싱 데님 셋업 블루,신용카드,49900,2022-04-20 23:32:00
composterousSubin,시티보이 빅오버 옥스포드 셔츠_Neutral Gray,신용카드,49900,2022-04-20 23:33:00
comprintfriendlyKonklux,[WHITE COLLECTION] 커스텀핏 클래식 옥스포드 셔츠  - 화이트,신용카드,49900,2022-04-20 23:44:00
comprnewswireHoldlamis,시티보이 빅오버 옥스포드 셔츠_Off White,신용카드,49900,2022-04-21 10:36:00
comprnewswireIt,오버핏 옥스포드 셔츠_SPYWC12C02,신용카드,499000,2022-04-21 10:43:00
comprnewswireOpela,시티보이 빅오버 옥스포드 반팔 셔츠_White,신용카드,149700,2022-04-21 10:44:00
comprnewswireSolarbreeze,빅 하프 셔츠 (피스타치오),신용카드,199500,2022-04-21 10:45:00
comprnewswireYfind,커스텀 핏 리넨 셔츠 - 화이트,신용카드,418600,2022-04-21 10:59:00
comprwebFixflex,시티보이 빅오버 린넨 반팔 셔츠_Midnight Blue,무통장입금,319200,2022-04-21 10:59:00
comprwebNamfix,시티보이 빅오버 옥스포드 반팔 셔츠_Ash Gray,무통장입금,249500,2022-04-21 10:59:00
comprwebSpan,솔리드 옥스포드 오버셔츠(스카이블루),신용카드,49900,2022-04-21 10:59:00
comprwebZamit,롱슬리브 포플린 셔츠 - 화이트,신용카드,49900,2022-04-21 11:00:00
compurevolumeKeylex,루즈핏 오픈카라 텐셀 린넨 셔츠 [네이비],신용카드,49900,2022-04-19 23:16:00
comqqKanlam,[정해인 착용] [COMMON]린넨혼방셔츠 MWWS3120,무통장입금,49900,2022-04-19 23:29:00
comquantcastPannier,텐셀 리넨 롱 슬리브 셔츠_코발트블루,무통장입금,49900,2022-04-19 23:29:00
comredditSubEx,오피서 하프 셔츠 (틸 그린),무통장입금,49900,2022-04-19 23:44:00
comrediffSubEx,린넨 히든 미니멀 셔츠 [SKY BLUE],무통장입금,39900,2022-04-19 23:48:00
comreferenceOverhold,시티보이 빅오버 옥스포드 셔츠_Royal Blue,무통장입금,49900,2022-04-20 23:32:00
comreferenceTampflex,시티보이 빅오버 옥스포드 셔츠_Royal Blue,무통장입금,49900,2022-04-20 23:33:00
comreferenceVagram,코튼 블렌드 하프 셔츠 : 7컬러,무통장입금,49900,2022-04-20 23:44:00
comreverbnationPannier,[세트][선택] 스톤 워싱 데님 셋업 블루,신용카드,49900,2022-04-21 10:36:00
comsalonBamity,시티보이 빅오버 옥스포드 셔츠_Neutral Gray,신용카드,49900,2022-04-21 10:43:00
comsalonCardify,[WHITE COLLECTION] 커스텀핏 클래식 옥스포드 셔츠  - 화이트,신용카드,49900,2022-04-21 10:44:00
comsamsungHome Ing,시티보이 빅오버 옥스포드 셔츠_Off White,신용카드,49900,2022-04-21 10:45:00
comsamsungKonklab,오버핏 옥스포드 셔츠_SPYWC12C02,신용카드,49900,2022-04-21 10:59:00
comsbwireVoltsillam,시티보이 빅오버 옥스포드 반팔 셔츠_White,신용카드,49900,2022-04-21 10:59:00
comsciencedirectZaamDox,빅 하프 셔츠 (피스타치오),신용카드,49900,2022-04-21 10:59:00
comscientificamericanGembucket,커스텀 핏 리넨 셔츠 - 화이트,무통장입금,49900,2022-04-21 10:59:00
comscientificamericanGreenlam,시티보이 빅오버 린넨 반팔 셔츠_Midnight Blue,신용카드,49900,2022-04-21 11:00:00
comscientificamericanSonsing,시티보이 빅오버 옥스포드 반팔 셔츠_Ash Gray,신용카드,49900,2022-04-21 11:49:00
comscribdDaltfresh,솔리드 옥스포드 오버셔츠(스카이블루),신용카드,49900,2022-04-21 15:07:00
comscribdWrapsafe,롱슬리브 포플린 셔츠 - 화이트,신용카드,49900,2022-04-21 16:06:00
comseattletimesAerified,루즈핏 오픈카라 텐셀 린넨 셔츠 [네이비],신용카드,499000,2022-04-22 19:16:00
comseattletimesGreenlam,[정해인 착용] [COMMON]린넨혼방셔츠 MWWS3120,신용카드,149700,2022-04-24 01:23:00
comsfgateHoldlamis,텐셀 리넨 롱 슬리브 셔츠_코발트블루,신용카드,199500,2022-04-24 14:10:00
comshareasaleViva,오피서 하프 셔츠 (틸 그린),신용카드,418600,2022-04-24 14:17:00
comshinystatMat Lam Tam,린넨 히든 미니멀 셔츠 [SKY BLUE],무통장입금,319200,2022-04-24 14:17:00
comshutterflyTreeflex,[22SS clove] Pleated 스커트 (Navy),무통장입금,249500,2022-04-24 14:18:00
comshutterflyTresom,Peekaboo Lowrise Skort Gray Pin Stripe 스커트,신용카드,49900,2022-04-24 14:21:00
comsitemeterDomainer,[정호연 착용] 우먼즈 데님 미니 스커트 [워시드 블랙],신용카드,49900,2022-04-27 21:39:00
comsitemeterTresom,스윙 플리츠 스커트,신용카드,49900,2022-04-19 23:16:00
comskypeCookley,High-Waist H Line Skirt_Navy,무통장입금,49900,2022-04-19 23:29:00
comskypeFlexidy,Peekaboo Lowrise Skort Black Pin Stripe,무통장입금,49900,2022-04-19 23:29:00
comskypeLotlux,[NF] 데님 플리츠 벨트 스커트 (BLK)_F21QC023,무통장입금,49900,2022-04-19 23:44:00
comskypePannier,볼드 플리츠 숏 스커트 브라운,무통장입금,39900,2022-04-19 23:48:00
comskypeProdder,여성 플리츠 스커트 (DN12WFSK32),무통장입금,49900,2022-04-20 23:32:00
comskypeSubin,스윙 플리츠 숏 스커트 오렌지,무통장입금,49900,2022-04-20 23:33:00
comskyrockAerified,서머 포켓 스커트 네이비,무통장입금,49900,2022-04-20 23:44:00
comskyrockKeylex,[22SS clove] Pleated 블루 스커트,신용카드,49900,2022-04-21 10:36:00
comgizmodoVoltsillam,CLGR Banding Flare 스커트,신용카드,49900,2022-04-21 10:43:00
comgloboFix San,우먼즈 데님 미니 스커트 [라이트 인디고],신용카드,49900,2022-04-21 10:44:00
comgoogleAlphazap,컬러블록 플리츠 스커트_레드,신용카드,49900,2022-04-21 10:45:00
comgoogleDuobam,[윔블던 에디션] 폴리 스트레치 스커트 - 화이트,신용카드,49900,2022-04-21 10:59:00
comgoogleTranscof,키르시 로우 웨이스트 플리츠 스커트 [베이지],신용카드,49900,2022-04-21 10:59:00
comgoProdder,메쉬 플라워 스커트 (White),신용카드,49900,2022-04-21 10:59:00
comgoRonstring,스트라이프 플리츠 니트 스커트 네이비,무통장입금,49900,2022-04-21 10:59:00
comhc360Tampflex,여성 테니스 미드 플리츠 스커트 JF007E-52G 001,신용카드,49900,2022-04-21 11:00:00
comhexunCardify,[22SS clove] Pleated 스커트 (Navy),신용카드,49900,2022-04-19 23:16:00
comhexunWrapsafe,Peekaboo Lowrise Skort Gray Pin Stripe 스커트,신용카드,49900,2022-04-19 23:29:00
comhistatsStringtough,[정호연 착용] 우먼즈 데님 미니 스커트 [워시드 블랙],신용카드,49900,2022-04-19 23:29:00
comhowstuffworksHoldlamis,스윙 플리츠 스커트,신용카드,499000,2022-04-19 23:44:00
comhowstuffworksStringtough,High-Waist H Line Skirt_Navy,신용카드,149700,2022-04-19 23:48:00
comhowstuffworksZontrax,Peekaboo Lowrise Skort Black Pin Stripe,신용카드,199500,2022-04-20 23:32:00
comhpGreenlam,[NF] 데님 플리츠 벨트 스커트 (BLK)_F21QC023,무통장입금,418600,2022-04-20 23:33:00
comhpLatlux,볼드 플리츠 숏 스커트 브라운,무통장입금,319200,2022-04-20 23:44:00
comhpVagram,여성 플리츠 스커트 (DN12WFSK32),신용카드,249500,2022-04-21 10:36:00
comhpVoyatouch,스윙 플리츠 숏 스커트 오렌지,신용카드,49900,2022-04-21 10:43:00
comhubpagesBytecard,서머 포켓 스커트 네이비,신용카드,49900,2022-04-21 10:44:00
comhubpagesMat Lam Tam,[22SS clove] Pleated 블루 스커트,무통장입금,49900,2022-04-21 10:45:00
comhubpagesTampflex,CLGR Banding Flare 스커트,무통장입금,49900,2022-04-21 10:59:00
comhuffingtonpostLatlux,우먼즈 데님 미니 스커트 [라이트 인디고],무통장입금,49900,2022-04-21 10:59:00
comhuffingtonpostOpela,컬러블록 플리츠 스커트_레드,무통장입금,49900,2022-04-21 10:59:00
comhugedomainsKeylex,[윔블던 에디션] 폴리 스트레치 스커트 - 화이트,무통장입금,39900,2022-04-21 10:59:00
comhugedomainsVagram,키르시 로우 웨이스트 플리츠 스커트 [베이지],무통장입금,49900,2022-04-21 11:00:00
comstumbleuponTresZap,메쉬 플라워 스커트 (White),무통장입금,49900,2022-04-21 11:49:00
comstumbleuponVoltsillam,스트라이프 플리츠 니트 스커트 네이비,신용카드,49900,2022-04-21 15:07:00
comstumbleuponYfind,여성 테니스 미드 플리츠 스커트 JF007E-52G 001,신용카드,49900,2022-04-21 16:06:00
comsunSubin,[22SS clove] Pleated 스커트 (Navy),신용카드,49900,2022-04-22 19:16:00
comsurveymonkeyFix San,Peekaboo Lowrise Skort Gray Pin Stripe 스커트,신용카드,49900,2022-04-24 01:23:00
comsurveymonkeyOpela,[정호연 착용] 우먼즈 데님 미니 스커트 [워시드 블랙],신용카드,49900,2022-04-24 14:10:00
comsymantecBitchip,스윙 플리츠 스커트,신용카드,49900,2022-04-24 14:17:00
comtaobaoBytecard,High-Waist H Line Skirt_Navy,신용카드,49900,2022-04-24 14:17:00
comtaobaoLatlux,Peekaboo Lowrise Skort Black Pin Stripe,무통장입금,49900,2022-04-24 14:18:00
comtaobaoTrippledex,[NF] 데님 플리츠 벨트 스커트 (BLK)_F21QC023,신용카드,49900,2022-04-24 14:21:00
comtechnoratiRank,볼드 플리츠 숏 스커트 브라운,신용카드,49900,2022-04-27 21:39:00
comtechnoratiZaamDox,여성 플리츠 스커트 (DN12WFSK32),신용카드,49900,2022-04-19 23:16:00
comtedFlowdesk,스윙 플리츠 숏 스커트 오렌지,신용카드,49900,2022-04-19 23:29:00
comtedVoyatouch,서머 포켓 스커트 네이비,신용카드,49900,2022-04-19 23:29:00
comtheatlanticHatity,[22SS clove] Pleated 블루 스커트,신용카드,499000,2022-04-19 23:44:00
comtheatlanticTempsoft,CLGR Banding Flare 스커트,신용카드,149700,2022-04-19 23:48:00
comtheatlanticYSolowarm,우먼즈 데님 미니 스커트 [라이트 인디고],신용카드,199500,2022-04-20 23:32:00
comtheguardianLotstring,컬러블록 플리츠 스커트_레드,무통장입금,418600,2022-04-20 23:33:00
comtimeBitchip,[윔블던 에디션] 폴리 스트레치 스커트 - 화이트,무통장입금,319200,2022-04-20 23:44:00
comtimeQuo Lux,키르시 로우 웨이스트 플리츠 스커트 [베이지],신용카드,249500,2022-04-21 10:36:00
comtinypicMatsoft,메쉬 플라워 스커트 (White),신용카드,49900,2022-04-21 10:43:00
comtinypicTresom,스트라이프 플리츠 니트 스커트 네이비,신용카드,49900,2022-04-21 10:44:00
comtinyurlGembucket,여성 테니스 미드 플리츠 스커트 JF007E-52G 001,무통장입금,49900,2022-04-21 10:45:00
comtmallAndalax,[22SS clove] Pleated 스커트 (Navy),무통장입금,49900,2022-04-21 10:59:00
comtopsySubin,Peekaboo Lowrise Skort Gray Pin Stripe 스커트,무통장입금,49900,2022-04-21 10:59:00
comtopsyToughjoyfax,[정호연 착용] 우먼즈 데님 미니 스커트 [워시드 블랙],무통장입금,49900,2022-04-21 10:59:00
comtrellianGreenlam,[정호연 착용] 우먼즈 데님 미니 스커트 [워시드 블랙],무통장입금,39900,2022-04-21 10:59:00
comtrellianSonair,High-Waist H Line Skirt_Navy,무통장입금,49900,2022-04-21 11:00:00
comtripadvisorAndalax,Peekaboo Lowrise Skort Black Pin Stripe,무통장입금,49900,2022-04-19 23:16:00
comtripadvisorDaltfresh,[NF] 데님 플리츠 벨트 스커트 (BLK)_F21QC023,신용카드,49900,2022-04-19 23:29:00
comtripadvisorOtcom,볼드 플리츠 숏 스커트 브라운,신용카드,49900,2022-04-19 23:29:00
comtripadvisorSubin,여성 플리츠 스커트 (DN12WFSK32),신용카드,49900,2022-04-19 23:44:00
comtripadvisorZathin,스윙 플리츠 숏 스커트 오렌지,신용카드,49900,2022-04-19 23:48:00
comtripodStringtough,서머 포켓 스커트 네이비,신용카드,49900,2022-04-20 23:32:00
comtumblrKonklab,[22SS clove] Pleated 블루 스커트,신용카드,49900,2022-04-20 23:33:00
comtwitpicAlphazap,CLGR Banding Flare 스커트,신용카드,49900,2022-04-20 23:44:00
comtwitpicMat Lam Tam,우먼즈 데님 미니 스커트 [라이트 인디고],무통장입금,49900,2022-04-21 10:36:00
comtwitpicStringtough,컬러블록 플리츠 스커트_레드,신용카드,49900,2022-04-21 10:43:00
comtwitterStim,[윔블던 에디션] 폴리 스트레치 스커트 - 화이트,신용카드,49900,2022-04-21 10:44:00
comtwitterTresZap,키르시 로우 웨이스트 플리츠 스커트 [베이지],신용카드,49900,2022-04-21 10:45:00
comtypepadOpela,메쉬 플라워 스커트 (White),신용카드,49900,2022-04-21 10:59:00
comtypepadTampflex,스트라이프 플리츠 니트 스커트 네이비,신용카드,49900,2022-04-21 10:59:00
comucozHatity,여성 테니스 미드 플리츠 스커트 JF007E-52G 001,신용카드,499000,2022-04-21 10:59:00
comucozRank,SL01 시밀러 린넨 데님 와이드 팬츠 (RAW INDIGO),신용카드,149700,2022-04-21 10:59:00
comucozZoolab,와이드 데님 팬츠 (BLEACH),신용카드,199500,2022-04-21 11:00:00
comusatodayFix San,TC2-PT02 인디고 스트링 팬츠,무통장입금,418600,2022-04-21 11:49:00
comusnewsTemp,와이드 크링클 데님 팬츠 (인디고),무통장입금,319200,2022-04-21 15:07:00
comusnewsVoltsillam,브루클린 뉴트로 와이드 워시드 데님 팬츠,신용카드,249500,2022-04-21 16:06:00
comvimeoSonair,모어 와이드 데님 팬츠 (RAW INDIGO),신용카드,49900,2022-04-22 19:16:00
comvinaoraFixflex,와이드 데님 팬츠 (R.INDIGO),신용카드,49900,2022-04-24 01:23:00
comvinaoraViva,와이드 데님 팬츠 (R.INDIGO),무통장입금,49900,2022-04-24 14:10:00
comvistaprintVagram,아수라 데님 스웻 팬츠_연청,무통장입금,49900,2022-04-24 14:17:00
comvkDaltfresh,와이드 린넨 데님팬츠_인디고,무통장입금,49900,2022-04-24 14:17:00
comvkViva,와이드 린넨 데님팬츠_인디고,무통장입금,49900,2022-04-24 14:18:00
comwalmartSubin,깡 스타일리스트 x 플랙 스티즈 K48 딥 워시드,무통장입금,39900,2022-04-24 14:21:00
comwashingtonpostBytecard,RE#9204 서퍼브핏 헤비데미지드 데님 팬츠,무통장입금,49900,2022-04-27 21:39:00
comwashingtonpostFintone,LIGHT BLUE SEMI WIDE(세미와이드핏),무통장입금,49900,2022-04-19 23:16:00
comwashingtonpostFlexidy,생지 와이드 핏 팬츠_INDIGO,신용카드,49900,2022-04-19 23:29:00
comwashingtonpostLotstring,디스트로이드 스트레이트 롱 와이드 데님_blue,신용카드,49900,2022-04-19 23:29:00
comweatherRedhold,밴딩 데님 팬츠 DP L902,신용카드,49900,2022-04-19 23:44:00
comweatherSubEx,릴렉스드 와이드 생지 데님 팬츠,신용카드,49900,2022-04-19 23:48:00
comlycosMatsoft,[데일리지] 쿨 와이드 진_SPTJC25C51,신용카드,49900,2022-04-20 23:32:00
comlycosTampflex,써머  세미 와이드 린넨 데님 밴딩 팬츠  - 데님,신용카드,49900,2022-04-20 23:33:00
comlycosVeribet,[썸머ver.]트위스트 커브드 와이드 밴딩 데님 팬츠_Indigo,신용카드,49900,2022-04-20 23:44:00
commacFix San,스티치 카펜터 팬츠 - 블루,무통장입금,49900,2022-04-21 10:36:00
commacHoldlamis,Damage 513 크리스 디스 롱와이드 데님팬츠 damage blue,신용카드,49900,2022-04-21 10:43:00
commacIt,[데일리지] 쿨 와이드 진_SPTJC25G51,신용카드,49900,2022-04-21 10:44:00
commacromediaYSolowarm,벌룬핏 데님 와이드 팬츠 (R.INDIGO),신용카드,49900,2022-04-21 10:45:00
commacTresom,[린넨데님]COCL 내추럴 와이드 린넨 데님 쇼츠 인디고블루 COOSPT195I.BLUE,신용카드,49900,2022-04-21 10:59:00
commarketwatchDomainer,W 카버 7801 하이웨이스트 세미와이드핏 다크인디고 데님팬츠,신용카드,49900,2022-04-21 10:59:00
commarriottIt,유니섹스 벨티드 버뮤다 데님 팬츠 - 블루,신용카드,499000,2022-04-21 10:59:00
commarriottKonklux,M2099 원턱 와이드 워시드 데님 팬츠,신용카드,149700,2022-04-21 10:59:00
commashableSpan,V153 라이트웨이트 인디고 데님 팬츠,무통장입금,199500,2022-04-21 11:00:00
commashableVoyatouch,V153 라이트웨이트 인디고 데님 팬츠,무통장입금,418600,2022-04-19 23:16:00
commayoclinicVoltsillam,테이퍼드핏 데님 팬츠 DP T908,신용카드,319200,2022-04-19 23:29:00
commediafireKanlam,스탠다드 진 라이트 블루,신용카드,249500,2022-04-19 23:29:00
commediafireSubin,TC1-DN2104 와이드 오가닉 데님,신용카드,49900,2022-04-19 23:44:00
commediafireVeribet,라인 워싱 와이드 데님 팬츠 [블루],무통장입금,49900,2022-04-19 23:48:00
commeetupRonstring,와이드 카고 하프 데님 팬츠 (인디고),무통장입금,49900,2022-04-20 23:32:00
commeetupTranscof,와이드 카고 하프 데님 팬츠 (인디고),무통장입금,49900,2022-04-20 23:33:00
commerriamwebsterCookley,루즈테이퍼드 데님 팬츠 Dark Used,무통장입금,49900,2022-04-20 23:44:00
commerriamwebsterFlexidy,618 생지데님 (이염방지 원단 제작),무통장입금,49900,2022-04-21 10:36:00
commerriamwebsterProdder,BLACK SEMI WIDE(세미 와이드핏),무통장입금,39900,2022-04-21 10:43:00
commerriamwebsterTin,마리오 와이드 데님 부츠컷,무통장입금,49900,2022-04-21 10:44:00
commerriamwebsterZaamDox,마리오 와이드 데님 부츠컷,신용카드,49900,2022-04-21 10:45:00
commicrosoftRegrant,블랙스노우 와이드 데님 팬츠,신용카드,49900,2022-04-21 10:59:00
comlycosMatsoft,원턱 데님 팬츠[Middle Blue],신용카드,49900,2022-04-21 10:59:00
comlycosTampflex,원 턱 와이드 데님 팬츠 (인디고),신용카드,49900,2022-04-21 10:59:00
comlycosVeribet,원 턱 와이드 진 블루,신용카드,49900,2022-04-21 10:59:00
commacFix San,SL01 시밀러 린넨 데님 와이드 팬츠 (RAW INDIGO),신용카드,49900,2022-04-21 11:00:00
commacHoldlamis,와이드 데님 팬츠 (BLEACH),신용카드,49900,2022-04-21 11:49:00
commacIt,TC2-PT02 인디고 스트링 팬츠,무통장입금,49900,2022-04-21 15:07:00
commacromediaYSolowarm,와이드 크링클 데님 팬츠 (인디고),신용카드,49900,2022-04-21 16:06:00
commacTresom,브루클린 뉴트로 와이드 워시드 데님 팬츠,신용카드,49900,2022-04-22 19:16:00
commarketwatchDomainer,모어 와이드 데님 팬츠 (RAW INDIGO),신용카드,49900,2022-04-24 01:23:00
commarriottIt,와이드 데님 팬츠 (R.INDIGO),신용카드,49900,2022-04-24 14:10:00
commarriottKonklux,시티보이 투 턱 와이드 데님팬츠 딥블루,신용카드,49900,2022-04-24 14:17:00
commashableSpan,아수라 데님 스웻 팬츠_연청,신용카드,49900,2022-04-24 14:17:00
commashableVoyatouch,와이드 린넨 데님팬츠_인디고,신용카드,499000,2022-04-24 14:18:00
eduharvardSonsing,RE#9204 서퍼브핏 헤비데미지드 데님 팬츠,신용카드,149700,2022-04-24 14:21:00
eduharvardStronghold,깡 스타일리스트 x 플랙 스티즈 K48 딥 워시드,무통장입금,199500,2022-04-27 21:39:00
eduillinoisMat Lam Tam,RE#9204 서퍼브핏 헤비데미지드 데님 팬츠,무통장입금,418600,2022-04-19 23:16:00
eduillinoisVoyatouch,LIGHT BLUE SEMI WIDE(세미와이드핏),신용카드,319200,2022-04-19 23:29:00
edumitZoolab,생지 와이드 핏 팬츠_INDIGO,신용카드,249500,2022-04-19 23:29:00
edunyuAlpha,디스트로이드 스트레이트 롱 와이드 데님_blue,신용카드,49900,2022-04-19 23:44:00
edunyuBamity,밴딩 데님 팬츠 DP L902,무통장입금,49900,2022-04-19 23:48:00
eduprincetonDomainer,릴렉스드 와이드 생지 데님 팬츠,무통장입금,49900,2022-04-20 23:32:00
eduprincetonLotstring,[데일리지] 쿨 와이드 진_SPTJC25C51,무통장입금,49900,2022-04-20 23:33:00
eduprincetonStim,써머  세미 와이드 린넨 데님 밴딩 팬츠  - 데님,무통장입금,49900,2022-04-20 23:44:00
eduprincetonSubEx,[썸머ver.]트위스트 커브드 와이드 밴딩 데님 팬츠_Indigo,무통장입금,49900,2022-04-21 10:36:00
edusiBitwolf,스티치 카펜터 팬츠 - 블루,무통장입금,39900,2022-04-21 10:43:00
czphocaOpela,Damage 513 크리스 디스 롱와이드 데님팬츠 damage blue,무통장입금,49900,2022-04-21 10:44:00
czphocaTresZap,[데일리지] 쿨 와이드 진_SPTJC25G51,신용카드,49900,2022-04-21 10:45:00
cztoplistViva,벌룬핏 데님 와이드 팬츠 (R.INDIGO),신용카드,49900,2022-04-21 10:59:00
de1und1TresZap,[린넨데님]COCL 내추럴 와이드 린넨 데님 쇼츠 인디고블루 COOSPT195I.BLUE,신용카드,49900,2022-04-21 10:59:00
deamazonAlpha,W 카버 7801 하이웨이스트 세미와이드핏 다크인디고 데님팬츠,신용카드,49900,2022-04-21 10:59:00
deamazonSubEx,유니섹스 벨티드 버뮤다 데님 팬츠 - 블루,신용카드,49900,2022-04-21 10:59:00
deamazonVentosanzap,M2099 원턱 와이드 워시드 데님 팬츠,신용카드,49900,2022-04-21 11:00:00
deamazonZaamDox,V153 라이트웨이트 인디고 데님 팬츠,신용카드,49900,2022-04-19 23:16:00
deerecht24Bitchip,V153 라이트웨이트 인디고 데님 팬츠,무통장입금,49900,2022-04-19 23:29:00
degoogleAerified,테이퍼드핏 데님 팬츠 DP T908,신용카드,49900,2022-04-19 23:29:00
degoogleStronghold,스탠다드 진 라이트 블루,신용카드,49900,2022-04-19 23:44:00
degoogleSubEx,TC1-DN2104 와이드 오가닉 데님,신용카드,49900,2022-04-19 23:48:00
despiegelBamity,라인 워싱 와이드 데님 팬츠 [블루],신용카드,49900,2022-04-20 23:32:00
despiegelMatsoft,와이드 카고 하프 데님 팬츠 (인디고),신용카드,49900,2022-04-20 23:33:00
despiegelQuo Lux,와이드 카고 하프 데님 팬츠 (인디고),신용카드,49900,2022-04-20 23:44:00
detonlineRedhold,루즈테이퍼드 데님 팬츠 Dark Used,신용카드,499000,2022-04-21 10:36:00
detonlineTemp,618 생지데님 (이염방지 원단 제작),신용카드,149700,2022-04-21 10:43:00
eduarizonaDuobam,BLACK SEMI WIDE(세미 와이드핏),무통장입금,199500,2022-04-21 10:44:00
eduarizonaGembucket,마리오 와이드 데님 부츠컷,무통장입금,418600,2022-04-21 10:45:00
eduberkeleyCardify,마리오 와이드 데님 부츠컷,신용카드,319200,2022-04-21 10:59:00
eduberkeleyLatlux,블랙스노우 와이드 데님 팬츠,신용카드,249500,2022-04-21 10:59:00
eduberkeleyTresZap,원턱 데님 팬츠[Middle Blue],신용카드,49900,2022-04-21 10:59:00
eduberkeleyWrapsafe,원 턱 와이드 데님 팬츠 (인디고),무통장입금,49900,2022-04-21 10:59:00
educolumbiaAlphazap,원 턱 와이드 진 블루,무통장입금,49900,2022-04-21 11:00:00
educolumbiaFix San,사인 로고 후드 블랙,무통장입금,49900,2022-04-21 11:49:00
educolumbiaFixflex,사인 로고 후드 그레이,무통장입금,49900,2022-04-21 15:07:00
educolumbiaHatity,로그 오버핏 기모 후드 그레이 YHHD2302,무통장입금,49900,2022-04-21 16:06:00
educolumbiaLotlux,엔젤 와펜 후드 그레이,무통장입금,39900,2022-04-22 19:16:00
educolumbiaTresZap,제이윈 덤블 기모후드 그레이(KHHD0748),무통장입금,49900,2022-04-24 01:23:00
educolumbiaVoltsillam,[패키지]제이윈 덤블 기모후드 패키지(KHHD0748),신용카드,49900,2022-04-24 14:10:00
educornellRank,빅 트위치 루즈핏 후디 네이비,신용카드,49900,2022-04-24 14:17:00
eduharvardKonklab,[22SS] 뉴필드 후드 남색 SMHD4457,신용카드,49900,2022-04-24 14:17:00
eduharvardMatsoft,스탠다드 후드 스웨트 셔츠 - 멜란지 그레이,신용카드,49900,2022-04-24 14:18:00
eduharvardSonsing,어센틱 로고 후디 멜란지 그레이,신용카드,49900,2022-04-24 14:21:00
eduharvardStronghold,[피로pick] TAG KEEP HOODIE - BLACK,신용카드,49900,2022-04-27 21:39:00
eduillinoisMat Lam Tam,엔젤 와펜 후드 블랙,신용카드,49900,2022-04-19 23:16:00
eduillinoisVoyatouch,미시간 울버린 피그먼트 후드티 블랙 차콜,무통장입금,49900,2022-04-19 23:29:00
edumitZoolab,[패키지]제이 양기모후드 패키지(HJHD2050),신용카드,49900,2022-04-19 23:29:00
edunyuAlpha,950g 오리지널무지 기모후드 OGHD1931,신용카드,49900,2022-04-19 23:44:00
edunyuBamity,ODSD 로고 아플리케 후드 - 8COLOR,신용카드,49900,2022-04-19 23:48:00
eduprincetonDomainer,2 TONE ARCH HOODIE NAVY,신용카드,49900,2022-04-20 23:32:00
eduprincetonLotstring,스몰 사인 로고 후드 그레이,신용카드,49900,2022-04-20 23:33:00
eduprincetonStim,스몰 트위치 오버핏 후디 그레이,신용카드,49900,2022-04-20 23:44:00
eduprincetonSubEx,빅 트위치 루즈핏 후디 그레이,신용카드,499000,2022-04-21 10:36:00
edusiBitwolf,후디드 스웨트셔츠 [멜란지 그레이],무통장입금,149700,2022-04-21 10:43:00
edusiIt,잇 저스트 마이 후디[블랙],무통장입금,199500,2022-04-21 10:44:00
edustanfordRegrant,후디드 스웨트셔츠 [블랙],신용카드,418600,2022-04-21 10:45:00
edutamuKonklux,에센셜 후드 스웻 셔츠 (BLACK),신용카드,319200,2022-04-21 10:59:00
eduuclaIt,S700 파워블랜드 풀오버 무지 후드티,신용카드,249500,2022-04-21 10:59:00
eduuclaStringtough,[패키지] 로그 오버핏 기모 후드 7종 2Pack YHHD2302,무통장입금,49900,2022-04-21 10:59:00
eduucsdGreenlam,로그 오버핏 기모 후드 블랙 YHHD2302,무통장입금,49900,2022-04-21 10:59:00
eduucsdLotlux,해비 코튼 썸홀 후디 : 12color,무통장입금,49900,2022-04-21 11:00:00
eduucsdVentosanzap,[S700BK] 더블 드라이 에코 플리스 풀업후드-블랙,무통장입금,49900,2022-04-19 23:16:00
eduuiucLotlux,사인 로고 후드 네이비,무통장입금,49900,2022-04-19 23:29:00
eduumichMat Lam Tam,스몰 사인 로고 후드 블랙,무통장입금,49900,2022-04-19 23:29:00
eduumnAerified,헤비웨이트 오버사이즈 후디드 스웨트셔츠 [미디엄 그레이],무통장입금,39900,2022-04-19 23:44:00
eduumnTin,레터링 타투 후드 기모 블랙,신용카드,49900,2022-04-19 23:48:00
eduuncFintone,빅 트위치 루즈핏 후디 블랙,신용카드,49900,2022-04-20 23:32:00
eduuncIt,베이직 기모 후드티 그레이,신용카드,49900,2022-04-20 23:33:00
eduuncMatsoft,헤비웨이트 오버사이즈 후디드 스웨트셔츠 [블랙],신용카드,49900,2022-04-20 23:44:00
eduupennLotlux,푸마 X 아미 후드 티셔츠 - 라이트 그레이 / 534069-04,신용카드,49900,2022-04-21 10:36:00
eduupennStringtough,베츠 어센틱 후드 그레이,신용카드,49900,2022-04-21 10:43:00
eduutexasBitwolf,아크 로고 후디 (네이비),신용카드,49900,2022-04-21 10:44:00
eduutexasLotstring,어센틱 로고 후디 블랙,무통장입금,49900,2022-04-21 10:45:00
eduutexasNamfix,스탠다드 후드 스웨트 셔츠 - 블랙_소매 와펜 ver.,신용카드,49900,2022-04-21 10:59:00
eduutexasTin,어센틱 로고 후디 네이비,신용카드,49900,2022-04-21 10:59:00
eduvirginiaTemp,C 로고 후디 네이비,신용카드,49900,2022-04-21 10:59:00
eduwashingtonBytecard,슈무 후디 - 블랙 / GD3544,신용카드,49900,2022-04-21 10:59:00
eduwashingtonOtcom,[SET] 헤비웨이트 CGP 아치 로고 트레이닝 셋업_멜란지그레이,신용카드,49900,2022-04-21 11:00:00
eduwashingtonPannier,슬레이크 후드 네이비 HHHD3397,신용카드,49900,2022-04-21 11:49:00
eduwashingtonSonsing,로고&스마일리 후디 화이트(IK2CSMM400A),신용카드,49900,2022-04-21 15:07:00
eduyaleCardguard,[기모] Geppetto 자수 후드 크림,신용카드,499000,2022-04-21 16:06:00
esgoogleAndalax,C 로고 후디 블랙,무통장입금,149700,2022-04-22 19:16:00
esgoogleNamfix,스몰 트위치 오버핏 후디 블랙,무통장입금,199500,2022-04-24 01:23:00
esgoogleViva,[22SS] 뉴필드 후드 회색 SMHD4457,신용카드,418600,2022-04-24 14:10:00
esgoogleYSolowarm,아크 로고 후디 (그레이),신용카드,319200,2022-04-24 14:17:00
eueuropaTresZap,사인 로고 후드 아이보리,신용카드,249500,2022-04-24 14:17:00
aaaaaa1234,빅 트위치 루즈핏 후디 아이보리,무통장입금,49900,2022-04-24 14:18:00
ad123,잇 저스트 마이 후디[그레이],무통장입금,49900,2022-04-24 14:21:00
addr,에센셜 후드 스웻 셔츠 (CHARCOAL),무통장입금,49900,2022-04-27 21:39:00
admin,C 로고 후디 그레이,무통장입금,49900,2022-04-19 23:16:00
aed111,트윌 아치 로고 후디 네이비,무통장입금,49900,2022-04-19 23:29:00
aucomgoogleFintone,[22SS] 뉴필드 후드 백오트밀 SMHD4457,무통장입금,49900,2022-04-19 23:29:00
aucomgooglePannier,시그니쳐 로고 후드 그레이,무통장입금,39900,2022-04-19 23:44:00
aucomgoogleStim,페이스 로고 엠브로이더드 후디 (오렌지),신용카드,49900,2022-04-19 23:48:00
aucomsmhFlexidy,(2PACK) S700 파워블랜드 풀오버 무지 후드티,신용카드,49900,2022-04-20 23:32:00
augovnswBamity,헤비 코튼 오버 럭비 맨투맨 _Midnight Blue,신용카드,49900,2022-04-20 23:33:00
augovnswZamit,베츠 어센틱 맨투맨 그레이,신용카드,49900,2022-04-20 23:44:00
augovoaicBigtax,로코 피그먼트 리버시블 헤비 맨투맨 (다크그레이),신용카드,49900,2022-04-21 10:36:00
augovoaicRonstring,부클 쿠퍼 로고 맨투맨 네이비,신용카드,49900,2022-04-21 10:43:00
augovoaicSolarbreeze,스몰 사인 로고 맨투맨 블랙,신용카드,49900,2022-04-21 10:44:00
augovprivacyJob,스웨트 셔츠 [멜란지 그레이],무통장입금,49900,2022-04-21 10:45:00
augovprivacyKanlam,C 로고 맨투맨 네이비,신용카드,49900,2022-04-21 10:59:00
augovprivacyRegrant,스탠다드 스웨트 셔츠 - 블랙_소매 와펜 ver.,신용카드,49900,2022-04-21 10:59:00
augovprivacyWrapsafe,빅 트위치 루즈핏 크루넥 네이비,신용카드,49900,2022-04-21 10:59:00
augovprivacyZamit,화란 세미오버 가디건 클라우드 그레이,신용카드,49900,2022-04-21 10:59:00
aunetabcHome Ing,화란 세미오버 가디건 클라우드 그레이,신용카드,49900,2022-04-21 11:00:00
aunetabcIt,오디너리 크롭 가디건 블랙,신용카드,49900,2022-04-19 23:16:00
beyoutuRank,에어리 카라 하프 니트 가디건 [BLACK],신용카드,49900,2022-04-19 23:29:00
brcomgoogleTreeflex,미니멀 가디건 [블랙],신용카드,499000,2022-04-19 23:29:00
brcomgoogleVagram,22SS MKC002A Y1014 022 사선 클래식 메리노 울,무통장입금,149700,2022-04-19 23:44:00
brcomuolAndalax,에어리 하프 니트 가디건 [BLACK],무통장입금,199500,2022-04-19 23:48:00
brcomuolBamity,에어리 하프 니트 가디건 [BLACK],신용카드,418600,2022-04-20 23:32:00
brcomuolHatity,오버핏 울 가디건 (그레이),신용카드,319200,2022-04-20 23:33:00
brcomuolKeylex,에어리 카라 하프 니트 가디건 [GREEN],신용카드,249500,2022-04-20 23:44:00
brcomuolOpela,여성 패디드 코튼 가디건 - 블랙 / H10939B000,무통장입금,49900,2022-04-21 10:36:00
cacbcDuobam,여성 패디드 코튼 가디건 - 나이트 블루 / H10,무통장입금,49900,2022-04-21 10:43:00
cacbcFixflex,엔젤 와펜 가디건 블랙,무통장입금,49900,2022-04-21 10:44:00
cacbcSonair,숏 슬리브 니티드 셔츠 (더스티핑크),무통장입금,49900,2022-04-21 10:45:00
chadminLatlux,소프트 베이직 가디건 블랙,무통장입금,49900,2022-04-21 10:59:00
cn360Domainer,파로 오버 사이즈 부클 가디건 세이지 그린,무통장입금,49900,2022-04-21 10:59:00
cncomchinaRank,숏 슬리브 니티드 셔츠 (블랙),무통장입금,39900,2022-04-21 10:59:00
cncomchinaToughjoyfax,[김민주 착용] [22SS] 퍼프 반팔 크롭 가디건_,신용카드,49900,2022-04-21 10:59:00
cncomchinaTreeflex,엔젤 와펜 가디건 아이보리,신용카드,49900,2022-04-21 11:00:00
cncompeopleOtcom,엔젤 와펜 가디건 그레이,신용카드,49900,2022-04-21 11:49:00
cncomsinaZoolab,숏 슬리브 니티드 셔츠 (베이지),신용카드,49900,2022-04-21 15:07:00
cngoogleBitwolf,오버핏 울 가디건 (블랙),신용카드,49900,2022-04-21 16:06:00
cngoogleHatity,GAFF TEX CARDIGAN (BLACK),신용카드,49900,2022-04-22 19:16:00
cngoogleKonklux,오디너리 크롭 가디건 네이비,신용카드,49900,2022-04-24 01:23:00
cngoogleLotlux,화란 세미오버 가디건 버터,무통장입금,49900,2022-04-24 14:10:00
cngovmiibeianRank,남성 데코티케 가디건 - 다크 블루 / S50GP024,신용카드,49900,2022-04-24 14:17:00
cngovmiibeianStringtough,헤비오버핏 램스울 가디건 챠콜,신용카드,49900,2022-04-24 14:17:00
cogAerified,[22HS] 버튼업 썸머 니트 반팔 가디건_LIGHT P,신용카드,49900,2022-04-24 14:18:00
cogDuobam,[UNISEX]플라워도트 자수 니트 가디건_크림,신용카드,49900,2022-04-24 14:21:00
cogKonklab,에어리 하프 니트 가디건 [L.GREY],신용카드,49900,2022-04-27 21:39:00
com163SubEx,오버핏 크롭 카라 가디건 [블랙],신용카드,49900,2022-04-19 23:16:00
com1688Andalax,미니멀 가디건 [오트밀],신용카드,49900,2022-04-19 23:29:00
com1688Keylex,스티브 케이블 반팔 가디건 WHCKC2528F,무통장입금,499000,2022-04-19 23:29:00
com1688Opela,에센셜 카라 온오프 하프 니트 가디건 (SAGE G,무통장입금,149700,2022-04-19 23:44:00
com4sharedAndalax,[22HS] 크로셰 크롭 가디건_WHITE,신용카드,199500,2022-04-19 23:48:00
com4sharedKanlam,[UNISEX]플라워도트 자수 니트 가디건_블랙,신용카드,418600,2022-04-20 23:32:00
com4sharedPannier,[우먼즈] 케이블니트 코튼 카디건 - 옐로우,신용카드,319200,2022-04-20 23:33:00
com4sharedYfind,FINE GUAGE LOGO PATTERN HALF CARDIGAN (NAVY,무통장입금,249500,2022-04-20 23:44:00
com4sharedZamit,화란 세미오버 가디건 펑키블루,무통장입금,49900,2022-04-21 10:36:00
comaboutHoldlamis,부클 크롭 가디건 [블랙],무통장입금,49900,2022-04-21 10:43:00
comaboutNamfix,라이트 그레이 이중지 티핑 카디건 (BC225AA19,무통장입금,49900,2022-04-21 10:44:00
comaboutTreeflex,AQO BEAR CARDIGAN BLACK,무통장입금,49900,2022-04-21 10:45:00
comaccuweatherAlpha,메쉬 코튼 칼라 카디건_아이보리,무통장입금,49900,2022-04-21 10:59:00
comaccuweatherRank,부클 크롭 가디건 [크림],무통장입금,49900,2022-04-21 10:59:00
comacquirethisnameFix San,[SET]아일리쉬 린넨 세미 오버핏 싱글 자켓 벨트팬츠 셋업_Linen,신용카드,39900,2022-04-21 10:59:00
comacquirethisnameKonklab,라이트웨이트 릴렉스드 베이식 블레이저 [블랙],신용카드,49900,2022-04-21 10:59:00
aaaaaa1234,[NF] 핀턱 아일렛 원피스 (CHARCOAL)_F22QD321,신용카드,49900,2022-04-21 11:00:00
ad123,핀턱 셔츠 롱 원피스 레이온블랙 MDOP043RNBLACK,신용카드,49900,2022-04-19 23:16:00
addr,[쿨탠다드] 우먼즈 피케 폴로 원피스 [블랙],신용카드,49900,2022-04-19 23:29:00
admin,[쿨탠다드] 우먼즈 피케 폴로 원피스 [네이비],신용카드,49900,2022-04-19 23:29:00
aed111,라이 맥시 롱 원피스 black[블랙],신용카드,49900,2022-04-19 23:44:00
aucomgoogleFintone,여성 트위스트 셔츠 원피스 - 에스프레소 / DR254LF588495,무통장입금,49900,2022-04-19 23:48:00
aucomgooglePannier,여성 트위스트 원피스 - 레몬 글레이즈 / W221DR254LF588500,신용카드,49900,2022-04-20 23:32:00
aucomgoogleStim,여성 트위스트 원피스 - 라일락 아이스 / DR254LF588817,신용카드,49900,2022-04-20 23:33:00
aucomsmhFlexidy,베이직 피케카라 원피스_SPOMC24G04,신용카드,49900,2022-04-20 23:44:00
augovnswBamity,NOI672 부클 니트 원피스 (블랙),신용카드,49900,2022-04-21 10:36:00
augovnswZamit,스퀘어넥 슬리브리스 원피스_Purple,신용카드,49900,2022-04-21 10:43:00
augovoaicBigtax,브러쉬 코르셋 원피스-아이보리,신용카드,49900,2022-04-21 10:44:00
augovoaicRonstring,플레인 써머 원피스 OUOOP002-WT,신용카드,49900,2022-04-21 10:45:00
augovoaicSolarbreeze,여성 타이포그래피 루즈핏 기본원피스/FC1WOP01F WHITE,신용카드,49900,2022-04-21 10:59:00
augovprivacyJob,하프 슬리브 롱 원피스 ADS201002-BK,무통장입금,499000,2022-04-21 10:59:00
augovprivacyKanlam,하프 슬리브  롱 원피스 ADS201002-MT,무통장입금,149700,2022-04-21 10:59:00
augovprivacyRegrant,플레인 써머 원피스 OUOOP002-BK,신용카드,199500,2022-04-21 10:59:00
augovprivacyWrapsafe,[NF] 핀턱 아일렛 원피스 (CHARCOAL)_F22QD321,신용카드,418600,2022-04-21 11:00:00
augovprivacyZamit, WOMEN 쿨링 여름 코튼 데일리 미니원피스 [BLACK] 무지 ver.,신용카드,319200,2022-04-21 11:49:00
aunetabcHome Ing, WOMEN 쿨링 여름 코튼 데일리 미니원피스 [BLACK] 무지 ver.,무통장입금,249500,2022-04-21 15:07:00
aunetabcIt,네이비 포켓 반팔 니트 원피스 (162471DS1R),무통장입금,49900,2022-04-21 16:06:00
beyoutuRank, 플레어 슬리브리스 원피스,무통장입금,49900,2022-04-22 19:16:00
brcomgoogleTreeflex, 우먼즈 퍼프 슬리브 티셔츠 드레스 [블랙],무통장입금,49900,2022-04-24 01:23:00
brcomgoogleVagram, 우먼즈 퍼프 슬리브 티셔츠 드레스 [블랙],무통장입금,49900,2022-04-24 14:10:00
brcomuolAndalax, 클래식 타이트 서머 드레스 - 블루 / HC2044,무통장입금,49900,2022-04-24 14:17:00
brcomuolBamity, 블루 데님 미니원피스 (352471IP1Q),무통장입금,49900,2022-04-24 14:17:00
brcomuolHatity, 언발 플레어 스트링 셔츠 원피스 MJ06OP300HJJ,신용카드,39900,2022-04-24 14:18:00
brcomuolKeylex, 아이보리 리넨 플라워 티어드 미니 원피스 (322571FY20),신용카드,49900,2022-04-24 14:21:00
brcomuolOpela, 블랙 슬리브리스 롱 원피스 (322571FY15),신용카드,49900,2022-04-27 21:39:00
cacbcDuobam, 블루 자수 캉캉 미니 원피스 (162571FY1P),신용카드,49900,2022-04-19 23:16:00
aaaaaa1234, 블루 자수 캉캉 미니 원피스 (162571FY1P),신용카드,49900,2022-04-19 23:29:00
aaaaaa1234, 블랙 플리츠 홀터넥 미니 원피스 (322571FY35),신용카드,49900,2022-04-19 23:29:00
aaaaaa1234, 스카이 블루 골지 슬림핏 롱 원피스 (112571AC1Q),신용카드,49900,2022-04-19 23:44:00
admin, (W) CGC 루즈핏 피케 원피스 네이비,무통장입금,49900,2022-04-19 23:48:00
admin, 블랙 골지 슬림핏 롱 원피스 (112571AC15),신용카드,49900,2022-04-20 23:32:00
admin, 블랙 골지 슬림핏 롱 원피스 (112571AC15),신용카드,49900,2022-04-20 23:33:00
cncomchinaTreeflex, 빅 카라 트위드 자켓 드레스 (퍼플),신용카드,49900,2022-04-20 23:44:00
cncompeopleOtcom, [쿨탠다드] 우먼즈 피케 폴로 원피스 [블루 그레이],신용카드,49900,2022-04-21 10:36:00
